record_id,employee_id,event_id,date,due_date,status,completion_pct,score,feedback_rating,assigned_by
R000001,E0018,EV_035,2024-10-01,,completed,100,61,5,manager
R000002,E0054,EV_036,2024-10-01,,declined,0,,,manager
R000003,E0063,EV_037,2024-10-02,,dropped,45,,3,self
R000004,E0003,EV_039,2024-10-03,,completed,100,,4,self
R000005,E0060,EV_032,2024-10-03,,completed,100,,3,self
R000006,E0107,EV_027,2024-10-03,,completed,100,,,self
R000007,E0007,EV_007,2024-10-04,,completed,100,,5,manager
R000008,E0073,EV_038,2024-10-04,,completed,100,75,,manager
R000009,E0057,EV_032,2024-10-07,,completed,100,,3,self
R000010,E0099,EV_029,2024-10-07,,completed,100,91,5,hr
R000011,E0131,EV_030,2024-10-07,,completed,100,,3,self
R000012,E0043,EV_037,2024-10-08,,completed,100,,3,manager
R000013,E0071,EV_026,2024-10-08,,completed,100,,3,self
R000014,E0154,EV_037,2024-10-08,,completed,100,,3,self
R000015,E0138,EV_034,2024-10-09,,declined,0,,,manager
R000016,E0013,EV_040,2024-10-10,,completed,100,,,self
R000017,E0099,EV_008,2024-10-11,,no_show,0,,,manager
R000018,E0092,EV_001,2024-10-14,2024-11-13,completed,100,99,,hr
R000019,E0092,EV_002,2024-10-14,2024-11-13,completed,100,74,,hr
R000020,E0092,EV_003,2024-10-14,2024-11-13,completed,100,78,,hr
R000021,E0164,EV_040,2024-10-14,,no_show,0,,,hr
R000022,E0189,EV_008,2024-10-14,,completed,100,,5,self
R000023,E0158,EV_040,2024-10-15,,declined,0,,,manager
R000024,E0061,EV_038,2024-10-16,,completed,100,83,3,self
R000025,E0062,EV_032,2024-10-16,,completed,100,,4,self
R000026,E0056,EV_033,2024-10-17,,no_show,0,,,manager
R000027,E0079,EV_001,2024-10-17,2024-11-16,completed,100,80,,hr
R000028,E0079,EV_002,2024-10-17,2024-11-16,completed,100,99,,hr
R000029,E0079,EV_003,2024-10-17,2024-11-16,completed,100,96,,hr
R000030,E0165,EV_036,2024-10-17,,completed,100,,4,self
R000031,E0028,EV_007,2024-10-18,,no_show,0,,,manager
R000032,E0059,EV_008,2024-10-18,,completed,100,,,self
R000033,E0013,EV_025,2024-10-21,,no_show,0,,,self
R000034,E0059,EV_039,2024-10-21,,completed,100,,,self
R000035,E0067,EV_001,2024-10-21,2024-11-20,completed,100,82,,hr
R000036,E0067,EV_002,2024-10-21,2024-11-20,completed,100,71,,hr
R000037,E0067,EV_003,2024-10-21,2024-11-20,completed,100,72,,hr
R000038,E0097,EV_038,2024-10-21,,completed,100,100,4,self
R000039,E0127,EV_036,2024-10-21,,completed,100,,4,manager
R000040,E0134,EV_027,2024-10-21,,completed,100,,2,self
R000041,E0150,EV_008,2024-10-22,,completed,100,,5,self
R000042,E0060,EV_023,2024-10-24,,completed,100,,5,self
R000043,E0092,EV_004,2024-10-24,2024-11-10,completed,100,,,hr
R000044,E0172,EV_034,2024-10-24,,completed,100,,,manager
R000045,E0185,EV_001,2024-10-24,2024-11-23,completed,100,78,,hr
R000046,E0185,EV_002,2024-10-24,2024-11-23,completed,100,94,,hr
R000047,E0185,EV_003,2024-10-24,2024-11-23,completed,100,93,,hr
R000048,E0046,EV_033,2024-10-28,,completed,100,100,5,manager
R000049,E0107,EV_008,2024-10-28,,completed,100,,4,self
R000050,E0162,EV_021,2024-10-28,,completed,100,,4,self
R000051,E0010,EV_035,2024-10-29,,dropped,50,,,manager
R000052,E0017,EV_027,2024-10-29,,completed,100,,4,manager
R000053,E0051,EV_008,2024-10-29,,completed,100,,5,self
R000054,E0180,EV_038,2024-10-29,,completed,100,100,4,manager
R000055,E0065,EV_011,2024-10-30,,completed,100,,3,manager
R000056,E0073,EV_020,2024-10-30,,dropped,40,,,hr
R000057,E0109,EV_008,2024-10-30,,completed,100,,3,hr
R000058,E0111,EV_009,2024-10-30,,completed,100,93,5,self
R000059,E0153,EV_033,2024-10-30,,completed,100,85,,self
R000060,E0176,EV_008,2024-10-30,,completed,100,,4,manager
R000061,E0123,EV_036,2024-10-31,,completed,100,,5,manager
R000062,E0147,EV_040,2024-10-31,,completed,100,,5,manager
R000063,E0148,EV_008,2024-10-31,,completed,100,,4,self
R000064,E0198,EV_040,2024-10-31,,completed,100,,4,self
R000065,E0053,EV_019,2024-11-01,,no_show,0,,,manager
R000066,E0112,EV_035,2024-11-01,,completed,100,66,4,self
R000067,E0002,EV_001,2024-11-04,2024-12-04,completed,100,72,,hr
R000068,E0003,EV_001,2024-11-04,2024-12-04,completed,100,74,,hr
R000069,E0004,EV_001,2024-11-04,2024-12-04,completed,100,82,,hr
R000070,E0004,EV_040,2024-11-04,,completed,100,,5,self
R000071,E0005,EV_001,2024-11-04,2024-12-04,completed,100,90,,hr
R000072,E0006,EV_001,2024-11-04,2024-12-04,completed,100,88,,hr
R000073,E0007,EV_001,2024-11-04,2024-12-04,completed,100,87,,hr
R000074,E0010,EV_001,2024-11-04,2024-12-04,completed,100,96,,hr
R000075,E0011,EV_001,2024-11-04,2024-12-04,completed,100,80,,hr
R000076,E0012,EV_001,2024-11-04,2024-12-04,completed,100,77,,hr
R000077,E0013,EV_001,2024-11-04,2024-12-04,completed,100,87,,hr
R000078,E0014,EV_001,2024-11-04,2024-12-04,completed,100,70,,hr
R000079,E0015,EV_001,2024-11-04,2024-12-04,completed,100,91,,hr
R000080,E0017,EV_001,2024-11-04,2024-12-04,completed,100,70,,hr
R000081,E0018,EV_001,2024-11-04,2024-12-04,completed,100,77,,hr
R000082,E0020,EV_001,2024-11-04,2024-12-04,completed,100,86,,hr
R000083,E0021,EV_001,2024-11-04,2024-12-04,completed,100,70,,hr
R000084,E0025,EV_001,2024-11-04,2024-12-04,completed,100,97,,hr
R000085,E0026,EV_001,2024-11-04,2024-12-04,completed,100,81,,hr
R000086,E0028,EV_001,2024-11-04,2024-12-04,completed,100,90,,hr
R000087,E0032,EV_001,2024-11-04,2024-12-04,completed,100,79,,hr
R000088,E0035,EV_001,2024-11-04,2024-12-04,completed,100,96,,hr
R000089,E0038,EV_001,2024-11-04,2024-12-04,completed,100,95,,hr
R000090,E0039,EV_001,2024-11-04,2024-12-04,completed,100,75,,hr
R000091,E0041,EV_001,2024-11-04,2024-12-04,completed,100,83,,hr
R000092,E0042,EV_001,2024-11-04,2024-12-04,completed,100,78,,hr
R000093,E0043,EV_001,2024-11-04,2024-12-04,completed,100,83,,hr
R000094,E0044,EV_001,2024-11-04,2024-12-04,completed,100,94,,hr
R000095,E0044,EV_014,2024-11-04,,completed,100,,,self
R000096,E0046,EV_001,2024-11-04,2024-12-04,completed,100,75,,hr
R000097,E0047,EV_001,2024-11-04,2024-12-04,completed,100,87,,hr
R000098,E0050,EV_001,2024-11-04,2024-12-04,completed,100,97,,hr
R000099,E0051,EV_001,2024-11-04,2024-12-04,completed,100,93,,hr
R000100,E0053,EV_001,2024-11-04,2024-12-04,completed,100,72,,hr
R000101,E0054,EV_001,2024-11-04,2024-12-04,completed,100,81,,hr
R000102,E0055,EV_001,2024-11-04,2024-12-04,completed,100,90,,hr
R000103,E0056,EV_001,2024-11-04,2024-12-04,completed,100,70,,hr
R000104,E0057,EV_001,2024-11-04,2024-12-04,completed,100,82,,hr
R000105,E0059,EV_001,2024-11-04,2024-12-04,completed,100,86,,hr
R000106,E0060,EV_001,2024-11-04,2024-12-04,completed,100,72,,hr
R000107,E0061,EV_001,2024-11-04,2024-12-04,completed,100,94,,hr
R000108,E0062,EV_001,2024-11-04,2024-12-04,completed,100,88,,hr
R000109,E0063,EV_001,2024-11-04,2024-12-04,completed,100,77,,hr
R000110,E0064,EV_001,2024-11-04,2024-12-04,completed,100,85,,hr
R000111,E0065,EV_001,2024-11-04,2024-12-04,completed,100,87,,hr
R000112,E0066,EV_001,2024-11-04,2024-12-04,completed,100,90,,hr
R000113,E0069,EV_001,2024-11-04,2024-12-04,completed,100,70,,hr
R000114,E0070,EV_001,2024-11-04,2024-12-04,completed,100,87,,hr
R000115,E0071,EV_001,2024-11-04,2024-12-04,completed,100,96,,hr
R000116,E0072,EV_001,2024-11-04,2024-12-04,completed,100,91,,hr
R000117,E0073,EV_001,2024-11-04,2024-12-04,completed,100,100,,hr
R000118,E0074,EV_001,2024-11-04,2024-12-04,completed,100,99,,hr
R000119,E0075,EV_001,2024-11-04,2024-12-04,completed,100,90,,hr
R000120,E0079,EV_004,2024-11-04,2024-11-13,completed,100,,4,hr
R000121,E0080,EV_001,2024-11-04,2024-12-04,completed,100,83,,hr
R000122,E0081,EV_001,2024-11-04,2024-12-04,completed,100,75,,hr
R000123,E0085,EV_001,2024-11-04,2024-12-04,completed,100,80,,hr
R000124,E0088,EV_001,2024-11-04,2024-12-04,completed,100,84,,hr
R000125,E0091,EV_001,2024-11-04,2024-12-04,completed,100,96,,hr
R000126,E0093,EV_001,2024-11-04,2024-12-04,completed,100,74,,hr
R000127,E0094,EV_001,2024-11-04,2024-12-04,completed,100,83,,hr
R000128,E0095,EV_001,2024-11-04,2024-12-04,completed,100,89,,hr
R000129,E0097,EV_001,2024-11-04,2024-12-04,completed,100,75,,hr
R000130,E0098,EV_001,2024-11-04,2024-12-04,completed,100,92,,hr
R000131,E0099,EV_001,2024-11-04,2024-12-04,completed,100,75,,hr
R000132,E0102,EV_001,2024-11-04,2024-12-04,completed,100,90,,hr
R000133,E0103,EV_001,2024-11-04,2024-12-04,completed,100,84,,hr
R000134,E0105,EV_001,2024-11-04,2024-12-04,completed,100,76,,hr
R000135,E0106,EV_001,2024-11-04,2024-12-04,completed,100,96,,hr
R000136,E0107,EV_001,2024-11-04,2024-12-04,completed,100,98,,hr
R000137,E0108,EV_001,2024-11-04,2024-12-04,completed,100,88,,hr
R000138,E0109,EV_001,2024-11-04,2024-12-04,completed,100,85,,hr
R000139,E0111,EV_001,2024-11-04,2024-12-04,completed,100,87,,hr
R000140,E0112,EV_001,2024-11-04,2024-12-04,completed,100,82,,hr
R000141,E0118,EV_001,2024-11-04,2024-12-04,completed,100,73,,hr
R000142,E0118,EV_017,2024-11-04,,no_show,0,,,self
R000143,E0120,EV_001,2024-11-04,2024-12-04,completed,100,85,,hr
R000144,E0122,EV_001,2024-11-04,2024-12-04,completed,100,70,,hr
R000145,E0123,EV_001,2024-11-04,2024-12-04,completed,100,76,,hr
R000146,E0127,EV_001,2024-11-04,2024-12-04,completed,100,82,,hr
R000147,E0128,EV_001,2024-11-04,2024-12-04,completed,100,76,,hr
R000148,E0131,EV_001,2024-11-04,2024-12-04,completed,100,82,,hr
R000149,E0132,EV_001,2024-11-04,2024-12-04,completed,100,92,,hr
R000150,E0133,EV_001,2024-11-04,2024-12-04,completed,100,100,,hr
R000151,E0134,EV_001,2024-11-04,2024-12-04,completed,100,78,,hr
R000152,E0136,EV_001,2024-11-04,2024-12-04,completed,100,89,,hr
R000153,E0138,EV_001,2024-11-04,2024-12-04,completed,100,71,,hr
R000154,E0140,EV_001,2024-11-04,2024-12-04,completed,100,79,,hr
R000155,E0143,EV_001,2024-11-04,2024-12-04,completed,100,96,,hr
R000156,E0144,EV_001,2024-11-04,2024-12-04,completed,100,95,,hr
R000157,E0145,EV_001,2024-11-04,2024-12-04,completed,100,83,,hr
R000158,E0147,EV_001,2024-11-04,2024-12-04,completed,100,89,,hr
R000159,E0148,EV_001,2024-11-04,2024-12-04,completed,100,78,,hr
R000160,E0149,EV_001,2024-11-04,2024-12-04,completed,100,78,,hr
R000161,E0150,EV_001,2024-11-04,2024-12-04,completed,100,94,,hr
R000162,E0153,EV_001,2024-11-04,2024-12-04,completed,100,94,,hr
R000163,E0154,EV_001,2024-11-04,2024-12-04,completed,100,79,,hr
R000164,E0155,EV_001,2024-11-04,2024-12-04,completed,100,85,,hr
R000165,E0158,EV_001,2024-11-04,2024-12-04,completed,100,74,,hr
R000166,E0161,EV_001,2024-11-04,2024-12-04,completed,100,73,,hr
R000167,E0162,EV_001,2024-11-04,2024-12-04,completed,100,90,,hr
R000168,E0163,EV_001,2024-11-04,2024-12-04,completed,100,91,,hr
R000169,E0164,EV_001,2024-11-04,2024-12-04,completed,100,78,,hr
R000170,E0165,EV_001,2024-11-04,2024-12-04,completed,100,79,,hr
R000171,E0168,EV_001,2024-11-04,2024-12-04,completed,100,87,,hr
R000172,E0169,EV_001,2024-11-04,2024-12-04,completed,100,89,,hr
R000173,E0172,EV_001,2024-11-04,2024-12-04,completed,100,94,,hr
R000174,E0173,EV_001,2024-11-04,2024-12-04,completed,100,98,,hr
R000175,E0175,EV_001,2024-11-04,2024-12-04,completed,100,76,,hr
R000176,E0176,EV_001,2024-11-04,2024-12-04,completed,100,71,,hr
R000177,E0177,EV_001,2024-11-04,2024-12-04,completed,100,94,,hr
R000178,E0179,EV_001,2024-11-04,2024-12-04,completed,100,82,,hr
R000179,E0180,EV_001,2024-11-04,2024-12-04,completed,100,88,,hr
R000180,E0182,EV_001,2024-11-04,2024-12-04,completed,100,73,,hr
R000181,E0184,EV_001,2024-11-04,2024-12-04,completed,100,95,,hr
R000182,E0184,EV_002,2024-11-04,2024-12-04,completed,100,86,,hr
R000183,E0184,EV_003,2024-11-04,2024-12-04,completed,100,100,,hr
R000184,E0185,EV_004,2024-11-04,2024-11-20,completed,100,,5,hr
R000185,E0186,EV_001,2024-11-04,2024-12-04,completed,100,93,,hr
R000186,E0187,EV_001,2024-11-04,2024-12-04,completed,100,93,,hr
R000187,E0189,EV_001,2024-11-04,2024-12-04,completed,100,79,,hr
R000188,E0190,EV_001,2024-11-04,2024-12-04,completed,100,77,,hr
R000189,E0191,EV_001,2024-11-04,2024-12-04,completed,100,84,,hr
R000190,E0193,EV_001,2024-11-04,2024-12-04,completed,100,74,,hr
R000191,E0194,EV_001,2024-11-04,2024-12-04,completed,100,88,,hr
R000192,E0197,EV_001,2024-11-04,2024-12-04,completed,100,78,,hr
R000193,E0198,EV_001,2024-11-04,2024-12-04,completed,100,87,,hr
R000194,E0199,EV_001,2024-11-04,2024-12-04,completed,100,97,,hr
R000195,E0095,EV_028,2024-11-05,,no_show,0,,,self
R000196,E0153,EV_032,2024-11-05,,completed,100,,,manager
R000197,E0184,EV_004,2024-11-05,2024-11-29,completed,100,,,hr
R000198,E0018,EV_039,2024-11-06,,declined,0,,,manager
R000199,E0120,EV_038,2024-11-06,,completed,100,65,3,manager
R000200,E0150,EV_012,2024-11-06,,completed,100,82,2,manager
R000201,E0053,EV_019,2024-11-07,,no_show,0,,,manager
R000202,E0055,EV_037,2024-11-07,,completed,100,,4,self
R000203,E0103,EV_008,2024-11-07,,completed,100,,4,self
R000204,E0109,EV_005,2024-11-07,,dropped,30,,2,hr
R000205,E0140,EV_037,2024-11-07,,dropped,45,,1,self
R000206,E0198,EV_008,2024-11-07,,completed,100,,,self
R000207,E0099,EV_034,2024-11-08,,dropped,90,,,self
R000208,E0067,EV_004,2024-11-11,2024-11-15,completed,100,,5,hr
R000209,E0073,EV_040,2024-11-12,,dropped,25,,,manager
R000210,E0123,EV_016,2024-11-12,,no_show,0,,,manager
R000211,E0143,EV_035,2024-11-12,,dropped,30,,,manager
R000212,E0057,EV_033,2024-11-13,,completed,100,76,,manager
R000213,E0063,EV_040,2024-11-13,,completed,100,,5,manager
R000214,E0006,EV_014,2024-11-14,,declined,0,,,manager
R000215,E0008,EV_001,2024-11-14,2024-12-14,completed,100,98,,hr
R000216,E0008,EV_002,2024-11-14,2024-12-14,completed,100,83,,hr
R000217,E0008,EV_003,2024-11-14,2024-12-14,completed,100,96,,hr
R000218,E0037,EV_001,2024-11-14,2024-12-14,completed,100,82,,hr
R000219,E0037,EV_002,2024-11-14,2024-12-14,completed,100,84,,hr
R000220,E0037,EV_003,2024-11-14,2024-12-14,completed,100,74,,hr
R000221,E0078,EV_001,2024-11-14,2024-12-14,completed,100,85,,hr
R000222,E0078,EV_002,2024-11-14,2024-12-14,completed,100,78,,hr
R000223,E0078,EV_003,2024-11-14,2024-12-14,completed,100,74,,hr
R000224,E0149,EV_039,2024-11-14,,no_show,0,,,self
R000225,E0198,EV_033,2024-11-14,,completed,100,72,4,self
R000226,E0032,EV_040,2024-11-15,,completed,100,,3,self
R000227,E0148,EV_032,2024-11-15,,completed,100,,4,manager
R000228,E0158,EV_039,2024-11-15,,no_show,0,,,self
R000229,E0008,EV_004,2024-11-18,2024-12-11,completed,100,,,hr
R000230,E0047,EV_009,2024-11-18,,completed,100,92,3,self
R000231,E0054,EV_021,2024-11-18,,completed,100,,4,self
R000232,E0055,EV_016,2024-11-18,,completed,100,,4,self
R000233,E0114,EV_001,2024-11-18,2024-12-18,completed,100,99,,hr
R000234,E0114,EV_002,2024-11-18,2024-12-18,completed,100,74,,hr
R000235,E0114,EV_003,2024-11-18,2024-12-18,completed,100,92,,hr
R000236,E0160,EV_001,2024-11-18,2024-12-18,completed,100,100,,hr
R000237,E0160,EV_002,2024-11-18,2024-12-18,completed,100,87,,hr
R000238,E0160,EV_003,2024-11-18,2024-12-18,completed,100,84,,hr
R000239,E0182,EV_017,2024-11-18,,completed,100,92,3,self
R000240,E0078,EV_004,2024-11-19,2024-12-11,completed,100,,2,hr
R000241,E0123,EV_040,2024-11-19,,completed,100,,4,manager
R000242,E0169,EV_036,2024-11-19,,declined,0,,,manager
R000243,E0103,EV_038,2024-11-20,,completed,100,64,4,self
R000244,E0198,EV_032,2024-11-20,,completed,100,,4,self
R000245,E0023,EV_001,2024-11-21,2024-12-21,completed,100,100,,hr
R000246,E0023,EV_002,2024-11-21,2024-12-21,completed,100,73,,hr
R000247,E0023,EV_003,2024-11-21,2024-12-21,completed,100,71,,hr
R000248,E0070,EV_039,2024-11-21,,completed,100,,4,self
R000249,E0100,EV_001,2024-11-21,2024-12-21,completed,100,74,,hr
R000250,E0100,EV_002,2024-11-21,2024-12-21,completed,100,99,,hr
R000251,E0100,EV_003,2024-11-21,2024-12-21,completed,100,98,,hr
R000252,E0130,EV_001,2024-11-21,2024-12-21,completed,100,80,,hr
R000253,E0130,EV_002,2024-11-21,2024-12-21,completed,100,83,,hr
R000254,E0130,EV_003,2024-11-21,2024-12-21,completed,100,85,,hr
R000255,E0144,EV_040,2024-11-21,,completed,100,,,self
R000256,E0171,EV_001,2024-11-21,2024-12-21,completed,100,78,,hr
R000257,E0171,EV_002,2024-11-21,2024-12-21,completed,100,90,,hr
R000258,E0171,EV_003,2024-11-21,2024-12-21,completed,100,76,,hr
R000259,E0088,EV_037,2024-11-22,,completed,100,,,self
R000260,E0094,EV_038,2024-11-22,,completed,100,66,5,self
R000261,E0160,EV_004,2024-11-22,2024-12-13,completed,100,,3,hr
R000262,E0048,EV_001,2024-11-25,2024-12-25,completed,100,79,,hr
R000263,E0048,EV_002,2024-11-25,2024-12-25,completed,100,99,,hr
R000264,E0048,EV_003,2024-11-25,2024-12-25,completed,100,94,,hr
R000265,E0057,EV_039,2024-11-25,,completed,100,,1,manager
R000266,E0179,EV_040,2024-11-25,,completed,100,,5,manager
R000267,E0037,EV_004,2024-11-26,2024-12-11,completed,100,,5,hr
R000268,E0150,EV_010,2024-11-26,,completed,100,60,5,self
R000269,E0002,EV_005,2024-11-27,,dropped,90,,,hr
R000270,E0149,EV_037,2024-11-27,,completed,100,,,manager
R000271,E0048,EV_004,2024-11-28,2024-12-22,completed,100,,5,hr
R000272,E0186,EV_009,2024-11-28,,declined,0,,,manager
R000273,E0050,EV_010,2024-11-29,,completed,100,87,3,self
R000274,E0118,EV_040,2024-11-29,,completed,100,,5,self
R000275,E0134,EV_023,2024-11-29,,no_show,0,,,manager
R000276,E0057,EV_037,2024-12-02,,completed,100,,5,self
R000277,E0100,EV_004,2024-12-02,2024-12-18,completed,100,,5,hr
R000278,E0114,EV_004,2024-12-02,2024-12-14,completed,100,,5,hr
R000279,E0154,EV_040,2024-12-02,,declined,0,,,manager
R000280,E0005,EV_011,2024-12-03,,no_show,0,,,self
R000281,E0095,EV_034,2024-12-03,,completed,100,,,self
R000282,E0147,EV_015,2024-12-03,,completed,100,88,,self
R000283,E0088,EV_025,2024-12-04,,completed,100,68,3,self
R000284,E0130,EV_004,2024-12-04,2024-12-18,completed,100,,5,hr
R000285,E0171,EV_004,2024-12-04,2024-12-18,completed,100,,4,hr
R000286,E0190,EV_006,2024-12-04,,dropped,90,,,manager
R000287,E0197,EV_040,2024-12-04,,no_show,0,,,self
R000288,E0007,EV_012,2024-12-05,,completed,100,79,5,self
R000289,E0013,EV_012,2024-12-05,,declined,0,,,manager
R000290,E0054,EV_038,2024-12-05,,completed,100,71,4,self
R000291,E0073,EV_008,2024-12-05,,completed,100,,5,self
R000292,E0050,EV_025,2024-12-06,,completed,100,68,,self
R000293,E0071,EV_023,2024-12-09,,completed,100,,5,self
R000294,E0199,EV_037,2024-12-09,,completed,100,,5,self
R000295,E0039,EV_008,2024-12-10,,no_show,0,,,self
R000296,E0109,EV_040,2024-12-10,,completed,100,,5,manager
R000297,E0136,EV_037,2024-12-10,,completed,100,,5,manager
R000298,E0144,EV_034,2024-12-10,,completed,100,,,self
R000299,E0059,EV_040,2024-12-11,,no_show,0,,,manager
R000300,E0066,EV_039,2024-12-11,,completed,100,,4,hr
R000301,E0120,EV_017,2024-12-11,,completed,100,64,,manager
R000302,E0149,EV_036,2024-12-11,,completed,100,,5,hr
R000303,E0023,EV_004,2024-12-12,2024-12-18,completed,100,,,hr
R000304,E0014,EV_031,2024-12-13,,completed,100,,,self
R000305,E0120,EV_015,2024-12-13,,completed,100,96,5,self
R000306,E0148,EV_038,2024-12-13,,no_show,0,,,manager
R000307,E0030,EV_001,2024-12-16,2025-01-15,completed,100,88,,hr
R000308,E0030,EV_002,2024-12-16,2025-01-15,completed,100,89,,hr
R000309,E0030,EV_003,2024-12-16,2025-01-15,completed,100,77,,hr
R000310,E0192,EV_001,2024-12-16,2025-01-15,completed,100,76,,hr
R000311,E0192,EV_002,2024-12-16,2025-01-15,completed,100,97,,hr
R000312,E0192,EV_003,2024-12-16,2025-01-15,completed,100,96,,hr
R000313,E0011,EV_022,2024-12-17,,completed,100,61,2,hr
R000314,E0118,EV_016,2024-12-17,,completed,100,,,self
R000315,E0147,EV_014,2024-12-17,,completed,100,,4,self
R000316,E0079,EV_033,2024-12-18,,completed,100,66,,hr
R000317,E0080,EV_024,2024-12-18,,dropped,30,,,hr
R000318,E0168,EV_034,2024-12-18,,completed,100,,3,self
R000319,E0014,EV_028,2024-12-19,,completed,100,,4,self
R000320,E0093,EV_037,2024-12-19,,completed,100,,4,manager
R000321,E0163,EV_036,2024-12-20,,declined,0,,,manager
R000322,E0169,EV_034,2024-12-20,,completed,100,,4,manager
R000323,E0020,EV_016,2024-12-23,,completed,100,,4,self
R000324,E0145,EV_040,2024-12-23,,declined,0,,,manager
R000325,E0169,EV_036,2024-12-23,,completed,100,,5,self
R000326,E0177,EV_035,2024-12-23,,completed,100,66,4,self
R000327,E0006,EV_015,2024-12-24,,completed,100,87,,self
R000328,E0015,EV_016,2024-12-24,,completed,100,,,manager
R000329,E0005,EV_006,2024-12-25,,completed,100,,5,self
R000330,E0107,EV_039,2024-12-25,,completed,100,,4,self
R000331,E0020,EV_027,2024-12-26,,completed,100,,5,self
R000332,E0098,EV_008,2024-12-26,,completed,100,,4,manager
R000333,E0155,EV_007,2024-12-26,,no_show,0,,,manager
R000334,E0060,EV_040,2024-12-27,,completed,100,,4,manager
R000335,E0102,EV_040,2024-12-27,,no_show,0,,,self
R000336,E0131,EV_028,2024-12-27,,completed,100,,2,self
R000337,E0047,EV_012,2024-12-30,,completed,100,65,4,manager
R000338,E0023,EV_040,2024-12-31,,completed,100,,5,self
R000339,E0055,EV_027,2025-01-02,,completed,100,,4,self
R000340,E0111,EV_019,2025-01-02,,completed,100,,3,manager
R000341,E0030,EV_004,2025-01-06,2025-01-11,completed,100,,4,hr
R000342,E0053,EV_019,2025-01-06,,no_show,0,,,self
R000343,E0062,EV_034,2025-01-06,,completed,100,,5,self
R000344,E0192,EV_004,2025-01-06,2025-01-10,completed,100,,,hr
R000345,E0035,EV_040,2025-01-07,,completed,100,,,self
R000346,E0048,EV_009,2025-01-07,,dropped,30,,2,manager
R000347,E0070,EV_037,2025-01-07,,declined,0,,,manager
R000348,E0193,EV_036,2025-01-07,,completed,100,,4,self
R000349,E0043,EV_038,2025-01-09,,completed,100,92,4,self
R000350,E0112,EV_038,2025-01-09,,completed,100,96,5,manager
R000351,E0171,EV_008,2025-01-09,,dropped,25,,,self
R000352,E0008,EV_016,2025-01-10,,completed,100,,4,self
R000353,E0069,EV_040,2025-01-10,,completed,100,,2,self
R000354,E0103,EV_035,2025-01-10,,no_show,0,,,manager
R000355,E0091,EV_018,2025-01-13,,dropped,70,,,self
R000356,E0169,EV_036,2025-01-13,,completed,100,,5,self
R000357,E0006,EV_009,2025-01-14,,completed,100,70,5,self
R000358,E0154,EV_016,2025-01-14,,completed,100,,5,self
R000359,E0046,EV_036,2025-01-16,,completed,100,,5,self
R000360,E0052,EV_001,2025-01-16,2025-02-15,completed,100,84,,hr
R000361,E0052,EV_002,2025-01-16,2025-02-15,completed,100,90,,hr
R000362,E0052,EV_003,2025-01-16,2025-02-15,completed,100,100,,hr
R000363,E0097,EV_037,2025-01-16,,completed,100,,3,self
R000364,E0163,EV_036,2025-01-16,,completed,100,,,manager
R000365,E0071,EV_022,2025-01-17,,completed,100,74,5,self
R000366,E0160,EV_039,2025-01-17,,completed,100,,4,self
R000367,E0052,EV_004,2025-01-20,2025-02-12,completed,100,,3,hr
R000368,E0088,EV_040,2025-01-20,,completed,100,,3,hr
R000369,E0140,EV_010,2025-01-20,,dropped,35,,2,manager
R000370,E0164,EV_036,2025-01-20,,completed,100,,5,manager
R000371,E0179,EV_019,2025-01-20,,declined,0,,,manager
R000372,E0043,EV_009,2025-01-21,,completed,100,65,5,self
R000373,E0105,EV_030,2025-01-21,,dropped,35,,,manager
R000374,E0150,EV_040,2025-01-21,,completed,100,,3,self
R000375,E0023,EV_005,2025-01-22,,completed,100,85,3,self
R000376,E0050,EV_008,2025-01-22,,no_show,0,,,self
R000377,E0053,EV_008,2025-01-22,,completed,100,,4,self
R000378,E0075,EV_038,2025-01-23,,completed,100,95,,self
R000379,E0194,EV_037,2025-01-23,,completed,100,,4,self
R000380,E0094,EV_034,2025-01-27,,dropped,70,,,self
R000381,E0112,EV_037,2025-01-27,,dropped,25,,,manager
R000382,E0199,EV_036,2025-01-27,,completed,100,,,self
R000383,E0056,EV_039,2025-01-28,,completed,100,,4,self
R000384,E0069,EV_039,2025-01-28,,no_show,0,,,manager
R000385,E0176,EV_022,2025-01-28,,completed,100,65,5,self
R000386,E0187,EV_012,2025-01-28,,dropped,90,,,manager
R000387,E0198,EV_034,2025-01-28,,no_show,0,,,self
R000388,E0011,EV_037,2025-01-29,,completed,100,,2,self
R000389,E0085,EV_021,2025-01-30,,completed,100,,4,self
R000390,E0093,EV_035,2025-01-30,,dropped,20,,,manager
R000391,E0118,EV_008,2025-01-30,,completed,100,,5,self
R000392,E0181,EV_001,2025-01-30,2025-03-01,completed,100,82,,hr
R000393,E0181,EV_002,2025-01-30,2025-03-01,completed,100,97,,hr
R000394,E0181,EV_003,2025-01-30,2025-03-01,completed,100,82,,hr
R000395,E0005,EV_036,2025-02-03,,completed,100,,5,self
R000396,E0073,EV_021,2025-02-03,,no_show,0,,,hr
R000397,E0083,EV_001,2025-02-03,2025-03-05,completed,100,99,,hr
R000398,E0083,EV_002,2025-02-03,2025-03-05,completed,100,71,,hr
R000399,E0083,EV_003,2025-02-03,2025-03-05,completed,100,83,,hr
R000400,E0177,EV_039,2025-02-03,,declined,0,,,manager
R000401,E0023,EV_012,2025-02-04,,completed,100,99,,self
R000402,E0047,EV_011,2025-02-04,,dropped,15,,,self
R000403,E0100,EV_023,2025-02-04,,dropped,90,,,manager
R000404,E0046,EV_037,2025-02-06,,completed,100,,5,self
R000405,E0085,EV_040,2025-02-06,,completed,100,,4,self
R000406,E0106,EV_040,2025-02-06,,no_show,0,,,self
R000407,E0008,EV_038,2025-02-07,,completed,100,64,4,self
R000408,E0148,EV_038,2025-02-07,,completed,100,87,,hr
R000409,E0186,EV_006,2025-02-07,,completed,100,,,self
R000410,E0144,EV_039,2025-02-10,,completed,100,,,self
R000411,E0154,EV_036,2025-02-10,,completed,100,,5,self
R000412,E0071,EV_037,2025-02-11,,completed,100,,2,manager
R000413,E0186,EV_019,2025-02-11,,completed,100,,5,manager
R000414,E0021,EV_039,2025-02-12,,completed,100,,4,self
R000415,E0140,EV_040,2025-02-12,,completed,100,,2,manager
R000416,E0035,EV_039,2025-02-14,,completed,100,,,self
R000417,E0065,EV_009,2025-02-14,,declined,0,,,manager
R000418,E0181,EV_004,2025-02-14,2025-02-26,completed,100,,5,hr
R000419,E0005,EV_037,2025-02-17,,declined,0,,,manager
R000420,E0066,EV_018,2025-02-17,,completed,100,92,4,manager
R000421,E0071,EV_040,2025-02-17,,completed,100,,4,manager
R000422,E0113,EV_001,2025-02-17,2025-03-19,completed,100,91,,hr
R000423,E0113,EV_002,2025-02-17,2025-03-19,completed,100,92,,hr
R000424,E0113,EV_003,2025-02-17,2025-03-19,completed,100,91,,hr
R000425,E0115,EV_001,2025-02-17,2025-03-19,completed,100,85,,hr
R000426,E0115,EV_002,2025-02-17,2025-03-19,completed,100,81,,hr
R000427,E0115,EV_003,2025-02-17,2025-03-19,completed,100,96,,hr
R000428,E0176,EV_026,2025-02-17,,completed,100,,5,self
R000429,E0047,EV_006,2025-02-18,,dropped,15,,3,self
R000430,E0160,EV_040,2025-02-18,,completed,100,,5,self
R000431,E0186,EV_005,2025-02-18,,no_show,0,,,manager
R000432,E0081,EV_034,2025-02-19,,no_show,0,,,manager
R000433,E0153,EV_039,2025-02-19,,completed,100,,5,hr
R000434,E0025,EV_008,2025-02-20,,completed,100,,,hr
R000435,E0124,EV_001,2025-02-20,2025-03-22,completed,100,83,,hr
R000436,E0124,EV_002,2025-02-20,2025-03-22,completed,100,98,,hr
R000437,E0124,EV_003,2025-02-20,2025-03-22,completed,100,91,,hr
R000438,E0137,EV_001,2025-02-20,2025-03-22,completed,100,99,,hr
R000439,E0137,EV_002,2025-02-20,2025-03-22,completed,100,84,,hr
R000440,E0137,EV_003,2025-02-20,2025-03-22,completed,100,77,,hr
R000441,E0171,EV_011,2025-02-20,,completed,100,,5,manager
R000442,E0050,EV_037,2025-02-21,,completed,100,,5,manager
R000443,E0051,EV_032,2025-02-21,,completed,100,,3,self
R000444,E0112,EV_039,2025-02-21,,completed,100,,4,self
R000445,E0133,EV_008,2025-02-21,,completed,100,,5,self
R000446,E0184,EV_010,2025-02-21,,declined,0,,,manager
R000447,E0185,EV_008,2025-02-21,,completed,100,,4,manager
R000448,E0050,EV_009,2025-02-24,,completed,100,67,4,self
R000449,E0055,EV_036,2025-02-24,,no_show,0,,,hr
R000450,E0083,EV_004,2025-02-24,2025-03-01,completed,100,,,hr
R000451,E0116,EV_001,2025-02-24,2025-03-26,completed,100,76,,hr
R000452,E0116,EV_002,2025-02-24,2025-03-26,completed,100,76,,hr
R000453,E0116,EV_003,2025-02-24,2025-03-26,completed,100,96,,hr
R000454,E0166,EV_001,2025-02-24,2025-03-26,completed,100,87,,hr
R000455,E0166,EV_002,2025-02-24,2025-03-26,completed,100,90,,hr
R000456,E0166,EV_003,2025-02-24,2025-03-26,completed,100,71,,hr
R000457,E0199,EV_025,2025-02-24,,completed,100,94,,manager
R000458,E0095,EV_031,2025-02-26,,declined,0,,,manager
R000459,E0116,EV_004,2025-02-26,2025-03-22,completed,100,,5,hr
R000460,E0181,EV_027,2025-02-26,,no_show,0,,,self
R000461,E0003,EV_040,2025-02-27,,completed,100,,4,self
R000462,E0059,EV_037,2025-02-27,,dropped,85,,1,manager
R000463,E0064,EV_038,2025-02-27,,dropped,40,,,self
R000464,E0026,EV_036,2025-02-28,,completed,100,,,self
R000465,E0079,EV_034,2025-02-28,,completed,100,,5,self
R000466,E0102,EV_016,2025-02-28,,completed,100,,5,self
R000467,E0002,EV_002,2025-03-03,2025-04-02,completed,100,93,,hr
R000468,E0003,EV_002,2025-03-03,2025-04-02,completed,100,83,,hr
R000469,E0004,EV_002,2025-03-03,2025-04-02,completed,100,72,,hr
R000470,E0005,EV_002,2025-03-03,2025-04-02,completed,100,92,,hr
R000471,E0006,EV_002,2025-03-03,2025-04-02,completed,100,90,,hr
R000472,E0007,EV_002,2025-03-03,2025-04-02,completed,100,82,,hr
R000473,E0010,EV_002,2025-03-03,2025-04-02,completed,100,100,,hr
R000474,E0011,EV_002,2025-03-03,2025-04-02,completed,100,77,,hr
R000475,E0012,EV_002,2025-03-03,2025-04-02,completed,100,82,,hr
R000476,E0013,EV_002,2025-03-03,2025-04-02,completed,100,76,,hr
R000477,E0014,EV_002,2025-03-03,2025-04-02,completed,100,84,,hr
R000478,E0015,EV_002,2025-03-03,2025-04-02,completed,100,88,,hr
R000479,E0017,EV_002,2025-03-03,2025-04-02,completed,100,100,,hr
R000480,E0018,EV_002,2025-03-03,2025-04-02,completed,100,91,,hr
R000481,E0020,EV_002,2025-03-03,2025-04-02,completed,100,97,,hr
R000482,E0021,EV_002,2025-03-03,2025-04-02,completed,100,75,,hr
R000483,E0025,EV_002,2025-03-03,2025-04-02,completed,100,75,,hr
R000484,E0026,EV_002,2025-03-03,2025-04-02,completed,100,82,,hr
R000485,E0028,EV_002,2025-03-03,2025-04-02,completed,100,71,,hr
R000486,E0032,EV_002,2025-03-03,2025-04-02,completed,100,81,,hr
R000487,E0035,EV_002,2025-03-03,2025-04-02,completed,100,81,,hr
R000488,E0038,EV_002,2025-03-03,2025-04-02,completed,100,100,,hr
R000489,E0039,EV_002,2025-03-03,2025-04-02,completed,100,94,,hr
R000490,E0041,EV_002,2025-03-03,2025-04-02,completed,100,80,,hr
R000491,E0042,EV_002,2025-03-03,2025-04-02,completed,100,70,,hr
R000492,E0043,EV_002,2025-03-03,2025-04-02,completed,100,77,,hr
R000493,E0044,EV_002,2025-03-03,2025-04-02,completed,100,90,,hr
R000494,E0046,EV_002,2025-03-03,2025-04-02,completed,100,96,,hr
R000495,E0047,EV_002,2025-03-03,2025-04-02,completed,100,100,,hr
R000496,E0050,EV_002,2025-03-03,2025-04-02,completed,100,72,,hr
R000497,E0051,EV_002,2025-03-03,2025-04-02,completed,100,85,,hr
R000498,E0053,EV_002,2025-03-03,2025-04-02,completed,100,98,,hr
R000499,E0054,EV_002,2025-03-03,2025-04-02,completed,100,97,,hr
R000500,E0055,EV_002,2025-03-03,2025-04-02,completed,100,83,,hr
R000501,E0056,EV_002,2025-03-03,2025-04-02,completed,100,86,,hr
R000502,E0057,EV_002,2025-03-03,2025-04-02,completed,100,73,,hr
R000503,E0059,EV_002,2025-03-03,2025-04-02,completed,100,70,,hr
R000504,E0060,EV_002,2025-03-03,2025-04-02,completed,100,84,,hr
R000505,E0061,EV_002,2025-03-03,2025-04-02,completed,100,82,,hr
R000506,E0062,EV_002,2025-03-03,2025-04-02,completed,100,76,,hr
R000507,E0063,EV_002,2025-03-03,2025-04-02,completed,100,84,,hr
R000508,E0064,EV_002,2025-03-03,2025-04-02,completed,100,99,,hr
R000509,E0065,EV_002,2025-03-03,2025-04-02,completed,100,87,,hr
R000510,E0066,EV_002,2025-03-03,2025-04-02,completed,100,95,,hr
R000511,E0067,EV_002,2025-03-03,2025-04-02,completed,100,76,,hr
R000512,E0069,EV_002,2025-03-03,2025-04-02,completed,100,93,,hr
R000513,E0070,EV_002,2025-03-03,2025-04-02,completed,100,86,,hr
R000514,E0071,EV_002,2025-03-03,2025-04-02,completed,100,82,,hr
R000515,E0072,EV_002,2025-03-03,2025-04-02,completed,100,85,,hr
R000516,E0073,EV_002,2025-03-03,2025-04-02,completed,100,85,,hr
R000517,E0074,EV_002,2025-03-03,2025-04-02,completed,100,82,,hr
R000518,E0075,EV_002,2025-03-03,2025-04-02,completed,100,82,,hr
R000519,E0079,EV_002,2025-03-03,2025-04-02,completed,100,80,,hr
R000520,E0080,EV_002,2025-03-03,2025-04-02,completed,100,87,,hr
R000521,E0081,EV_002,2025-03-03,2025-04-02,completed,100,81,,hr
R000522,E0085,EV_002,2025-03-03,2025-04-02,completed,100,75,,hr
R000523,E0088,EV_002,2025-03-03,2025-04-02,completed,100,93,,hr
R000524,E0091,EV_002,2025-03-03,2025-04-02,completed,100,90,,hr
R000525,E0091,EV_037,2025-03-03,,completed,100,,,self
R000526,E0092,EV_002,2025-03-03,2025-04-02,completed,100,100,,hr
R000527,E0093,EV_002,2025-03-03,2025-04-02,completed,100,72,,hr
R000528,E0094,EV_002,2025-03-03,2025-04-02,completed,100,82,,hr
R000529,E0095,EV_002,2025-03-03,2025-04-02,completed,100,76,,hr
R000530,E0097,EV_002,2025-03-03,2025-04-02,completed,100,98,,hr
R000531,E0098,EV_002,2025-03-03,2025-04-02,completed,100,74,,hr
R000532,E0099,EV_002,2025-03-03,2025-04-02,completed,100,96,,hr
R000533,E0102,EV_002,2025-03-03,2025-04-02,completed,100,100,,hr
R000534,E0103,EV_002,2025-03-03,2025-04-02,completed,100,73,,hr
R000535,E0105,EV_002,2025-03-03,2025-04-02,completed,100,87,,hr
R000536,E0106,EV_002,2025-03-03,2025-04-02,completed,100,73,,hr
R000537,E0107,EV_002,2025-03-03,2025-04-02,completed,100,96,,hr
R000538,E0108,EV_002,2025-03-03,2025-04-02,completed,100,85,,hr
R000539,E0109,EV_002,2025-03-03,2025-04-02,completed,100,91,,hr
R000540,E0111,EV_002,2025-03-03,2025-04-02,completed,100,76,,hr
R000541,E0112,EV_002,2025-03-03,2025-04-02,completed,100,87,,hr
R000542,E0115,EV_004,2025-03-03,2025-03-14,completed,100,,4,hr
R000543,E0118,EV_002,2025-03-03,2025-04-02,completed,100,70,,hr
R000544,E0120,EV_002,2025-03-03,2025-04-02,completed,100,84,,hr
R000545,E0122,EV_002,2025-03-03,2025-04-02,completed,100,91,,hr
R000546,E0123,EV_002,2025-03-03,2025-04-02,completed,100,93,,hr
R000547,E0127,EV_002,2025-03-03,2025-04-02,completed,100,78,,hr
R000548,E0128,EV_002,2025-03-03,2025-04-02,completed,100,73,,hr
R000549,E0131,EV_002,2025-03-03,2025-04-02,completed,100,79,,hr
R000550,E0132,EV_002,2025-03-03,2025-04-02,completed,100,77,,hr
R000551,E0133,EV_002,2025-03-03,2025-04-02,completed,100,96,,hr
R000552,E0134,EV_002,2025-03-03,2025-04-02,completed,100,70,,hr
R000553,E0136,EV_002,2025-03-03,2025-04-02,completed,100,92,,hr
R000554,E0138,EV_002,2025-03-03,2025-04-02,completed,100,83,,hr
R000555,E0140,EV_002,2025-03-03,2025-04-02,completed,100,71,,hr
R000556,E0143,EV_002,2025-03-03,2025-04-02,completed,100,83,,hr
R000557,E0144,EV_002,2025-03-03,2025-04-02,completed,100,81,,hr
R000558,E0145,EV_002,2025-03-03,2025-04-02,completed,100,100,,hr
R000559,E0147,EV_002,2025-03-03,2025-04-02,completed,100,91,,hr
R000560,E0148,EV_002,2025-03-03,2025-04-02,completed,100,86,,hr
R000561,E0149,EV_002,2025-03-03,2025-04-02,completed,100,90,,hr
R000562,E0150,EV_002,2025-03-03,2025-04-02,completed,100,94,,hr
R000563,E0153,EV_002,2025-03-03,2025-04-02,completed,100,86,,hr
R000564,E0154,EV_002,2025-03-03,2025-04-02,completed,100,97,,hr
R000565,E0155,EV_002,2025-03-03,2025-04-02,completed,100,90,,hr
R000566,E0158,EV_002,2025-03-03,2025-04-02,completed,100,76,,hr
R000567,E0161,EV_002,2025-03-03,2025-04-02,completed,100,75,,hr
R000568,E0162,EV_002,2025-03-03,2025-04-02,completed,100,87,,hr
R000569,E0162,EV_023,2025-03-03,,completed,100,,4,self
R000570,E0163,EV_002,2025-03-03,2025-04-02,completed,100,72,,hr
R000571,E0164,EV_002,2025-03-03,2025-04-02,completed,100,80,,hr
R000572,E0165,EV_002,2025-03-03,2025-04-02,completed,100,90,,hr
R000573,E0168,EV_002,2025-03-03,2025-04-02,completed,100,83,,hr
R000574,E0169,EV_002,2025-03-03,2025-04-02,completed,100,74,,hr
R000575,E0172,EV_002,2025-03-03,2025-04-02,completed,100,70,,hr
R000576,E0173,EV_002,2025-03-03,2025-04-02,completed,100,91,,hr
R000577,E0175,EV_002,2025-03-03,2025-04-02,completed,100,82,,hr
R000578,E0176,EV_002,2025-03-03,2025-04-02,completed,100,83,,hr
R000579,E0177,EV_002,2025-03-03,2025-04-02,completed,100,95,,hr
R000580,E0179,EV_002,2025-03-03,2025-04-02,completed,100,100,,hr
R000581,E0180,EV_002,2025-03-03,2025-04-02,completed,100,91,,hr
R000582,E0182,EV_002,2025-03-03,2025-04-02,completed,100,93,,hr
R000583,E0185,EV_002,2025-03-03,2025-04-02,completed,100,92,,hr
R000584,E0186,EV_002,2025-03-03,2025-04-02,completed,100,70,,hr
R000585,E0187,EV_002,2025-03-03,2025-04-02,completed,100,93,,hr
R000586,E0189,EV_002,2025-03-03,2025-04-02,completed,100,78,,hr
R000587,E0190,EV_002,2025-03-03,2025-04-02,completed,100,76,,hr
R000588,E0191,EV_002,2025-03-03,2025-04-02,completed,100,74,,hr
R000589,E0193,EV_002,2025-03-03,2025-04-02,completed,100,80,,hr
R000590,E0194,EV_002,2025-03-03,2025-04-02,completed,100,95,,hr
R000591,E0196,EV_001,2025-03-03,2025-04-02,completed,100,79,,hr
R000592,E0196,EV_002,2025-03-03,2025-04-02,completed,100,82,,hr
R000593,E0196,EV_003,2025-03-03,2025-04-02,completed,100,99,,hr
R000594,E0197,EV_002,2025-03-03,2025-04-02,completed,100,87,,hr
R000595,E0198,EV_002,2025-03-03,2025-04-02,completed,100,74,,hr
R000596,E0199,EV_002,2025-03-03,2025-04-02,completed,100,83,,hr
R000597,E0005,EV_011,2025-03-04,,completed,100,,3,self
R000598,E0013,EV_007,2025-03-04,,completed,100,,,manager
R000599,E0041,EV_026,2025-03-04,,completed,100,,4,manager
R000600,E0065,EV_018,2025-03-04,,completed,100,88,,self
R000601,E0070,EV_034,2025-03-04,,completed,100,,,manager
R000602,E0165,EV_026,2025-03-04,,completed,100,,4,hr
R000603,E0199,EV_020,2025-03-04,,completed,100,74,,manager
R000604,E0005,EV_012,2025-03-05,,dropped,75,,,self
R000605,E0008,EV_040,2025-03-05,,no_show,0,,,manager
R000606,E0012,EV_039,2025-03-05,,completed,100,,,hr
R000607,E0102,EV_015,2025-03-05,,completed,100,74,4,self
R000608,E0127,EV_037,2025-03-05,,no_show,0,,,manager
R000609,E0158,EV_034,2025-03-05,,completed,100,,,self
R000610,E0169,EV_037,2025-03-05,,completed,100,,5,self
R000611,E0177,EV_037,2025-03-05,,no_show,0,,,manager
R000612,E0006,EV_038,2025-03-06,,no_show,0,,,self
R000613,E0118,EV_013,2025-03-06,,dropped,70,,3,manager
R000614,E0172,EV_038,2025-03-06,,completed,100,69,,self
R000615,E0176,EV_040,2025-03-06,,completed,100,,5,manager
R000616,E0197,EV_019,2025-03-06,,completed,100,,3,manager
R000617,E0133,EV_028,2025-03-07,,completed,100,,4,self
R000618,E0134,EV_036,2025-03-07,,no_show,0,,,manager
R000619,E0166,EV_004,2025-03-07,2025-03-23,completed,100,,,hr
R000620,E0187,EV_021,2025-03-07,,declined,0,,,manager
R000621,E0194,EV_009,2025-03-07,,completed,100,74,,self
R000622,E0095,EV_037,2025-03-10,,completed,100,,,self
R000623,E0097,EV_025,2025-03-10,,completed,100,95,5,self
R000624,E0113,EV_004,2025-03-10,2025-03-16,completed,100,,,hr
R000625,E0124,EV_004,2025-03-11,2025-03-19,completed,100,,3,hr
R000626,E0137,EV_004,2025-03-11,2025-03-19,completed,100,,5,hr
R000627,E0197,EV_018,2025-03-12,,dropped,70,,2,manager
R000628,E0015,EV_013,2025-03-13,,no_show,0,,,self
R000629,E0059,EV_040,2025-03-13,,no_show,0,,,self
R000630,E0185,EV_039,2025-03-13,,completed,100,,4,manager
R000631,E0006,EV_036,2025-03-14,,completed,100,,,self
R000632,E0132,EV_037,2025-03-14,,completed,100,,3,manager
R000633,E0153,EV_008,2025-03-14,,completed,100,,5,self
R000634,E0008,EV_040,2025-03-17,,no_show,0,,,hr
R000635,E0029,EV_001,2025-03-17,2025-04-16,completed,100,85,,hr
R000636,E0029,EV_002,2025-03-17,2025-04-16,completed,100,98,,hr
R000637,E0029,EV_003,2025-03-17,2025-04-16,completed,100,86,,hr
R000638,E0186,EV_009,2025-03-17,,completed,100,67,3,self
R000639,E0169,EV_036,2025-03-18,,no_show,0,,,manager
R000640,E0180,EV_037,2025-03-18,,completed,100,,5,manager
R000641,E0184,EV_005,2025-03-18,,completed,100,70,3,manager
R000642,E0011,EV_021,2025-03-19,,completed,100,,3,manager
R000643,E0196,EV_004,2025-03-20,2025-03-28,completed,100,,4,hr
R000644,E0199,EV_024,2025-03-20,,completed,100,96,5,self
R000645,E0027,EV_001,2025-03-21,2025-04-20,completed,100,73,,hr
R000646,E0027,EV_002,2025-03-21,2025-04-20,completed,100,93,,hr
R000647,E0027,EV_003,2025-03-21,2025-04-20,completed,100,97,,hr
R000648,E0073,EV_021,2025-03-21,,dropped,80,,,self
R000649,E0185,EV_037,2025-03-21,,completed,100,,4,hr
R000650,E0189,EV_009,2025-03-24,,completed,100,63,4,self
R000651,E0191,EV_036,2025-03-24,,completed,100,,,self
R000652,E0160,EV_008,2025-03-25,,completed,100,,,self
R000653,E0051,EV_036,2025-03-26,,no_show,0,,,manager
R000654,E0075,EV_016,2025-03-26,,completed,100,,5,manager
R000655,E0013,EV_006,2025-03-27,,completed,100,,4,manager
R000656,E0018,EV_039,2025-03-27,,completed,100,,4,self
R000657,E0035,EV_034,2025-03-27,,declined,0,,,manager
R000658,E0136,EV_011,2025-03-27,,no_show,0,,,self
R000659,E0013,EV_008,2025-03-28,,completed,100,,4,hr
R000660,E0138,EV_036,2025-03-28,,completed,100,,1,self
R000661,E0139,EV_001,2025-03-28,2025-04-27,completed,100,96,,hr
R000662,E0139,EV_002,2025-03-28,2025-04-27,completed,100,71,,hr
R000663,E0139,EV_003,2025-03-28,2025-04-27,completed,100,71,,hr
R000664,E0140,EV_010,2025-03-28,,completed,100,62,4,hr
R000665,E0164,EV_006,2025-03-28,,dropped,70,,3,manager
R000666,E0027,EV_004,2025-03-31,2025-04-17,completed,100,,,hr
R000667,E0045,EV_001,2025-03-31,2025-04-30,completed,100,73,,hr
R000668,E0045,EV_002,2025-03-31,2025-04-30,completed,100,99,,hr
R000669,E0045,EV_003,2025-03-31,2025-04-30,completed,100,99,,hr
R000670,E0051,EV_036,2025-03-31,,declined,0,,,hr
R000671,E0061,EV_009,2025-03-31,,declined,0,,,manager
R000672,E0082,EV_001,2025-03-31,2025-04-30,completed,100,83,,hr
R000673,E0082,EV_002,2025-03-31,2025-04-30,completed,100,77,,hr
R000674,E0082,EV_003,2025-03-31,2025-04-30,completed,100,78,,hr
R000675,E0137,EV_040,2025-03-31,,completed,100,,4,manager
R000676,E0163,EV_036,2025-04-01,,declined,0,,,manager
R000677,E0017,EV_026,2025-04-02,,completed,100,,4,manager
R000678,E0037,EV_016,2025-04-02,,completed,100,,5,self
R000679,E0052,EV_030,2025-04-02,,completed,100,,4,hr
R000680,E0169,EV_036,2025-04-02,,completed,100,,4,self
R000681,E0019,EV_001,2025-04-03,2025-05-03,completed,100,79,,hr
R000682,E0019,EV_002,2025-04-03,2025-05-03,completed,100,93,,hr
R000683,E0019,EV_003,2025-04-03,2025-05-03,completed,100,94,,hr
R000684,E0023,EV_039,2025-04-03,,completed,100,,5,manager
R000685,E0099,EV_008,2025-04-03,,dropped,85,,,hr
R000686,E0008,EV_040,2025-04-04,,completed,100,,,self
R000687,E0064,EV_006,2025-04-04,,completed,100,,5,self
R000688,E0158,EV_033,2025-04-04,,declined,0,,,manager
R000689,E0168,EV_040,2025-04-04,,no_show,0,,,hr
R000690,E0008,EV_005,2025-04-07,,no_show,0,,,manager
R000691,E0029,EV_004,2025-04-07,2025-04-12,completed,100,,,hr
R000692,E0079,EV_032,2025-04-07,,completed,100,,4,self
R000693,E0007,EV_010,2025-04-08,,completed,100,94,4,manager
R000694,E0019,EV_004,2025-04-08,2025-04-30,completed,100,,,hr
R000695,E0035,EV_034,2025-04-08,,completed,100,,3,self
R000696,E0080,EV_023,2025-04-08,,completed,100,,2,manager
R000697,E0095,EV_028,2025-04-08,,dropped,55,,,self
R000698,E0173,EV_037,2025-04-08,,completed,100,,,manager
R000699,E0181,EV_038,2025-04-08,,declined,0,,,manager
R000700,E0059,EV_037,2025-04-09,,completed,100,,4,self
R000701,E0140,EV_019,2025-04-09,,dropped,85,,,self
R000702,E0175,EV_025,2025-04-09,,completed,100,83,2,manager
R000703,E0050,EV_040,2025-04-11,,completed,100,,4,self
R000704,E0094,EV_034,2025-04-11,,completed,100,,4,self
R000705,E0131,EV_040,2025-04-11,,completed,100,,4,self
R000706,E0008,EV_005,2025-04-15,,declined,0,,,hr
R000707,E0037,EV_005,2025-04-15,,completed,100,65,4,manager
R000708,E0082,EV_004,2025-04-15,2025-04-26,completed,100,,,hr
R000709,E0097,EV_007,2025-04-15,,completed,100,,5,manager
R000710,E0139,EV_004,2025-04-15,2025-04-24,completed,100,,4,hr
R000711,E0075,EV_005,2025-04-16,,completed,100,95,5,self
R000712,E0123,EV_038,2025-04-16,,completed,100,80,5,self
R000713,E0166,EV_036,2025-04-16,,completed,100,,4,self
R000714,E0198,EV_036,2025-04-17,,completed,100,,,self
R000715,E0087,EV_001,2025-04-18,2025-05-18,completed,100,100,,hr
R000716,E0087,EV_002,2025-04-18,2025-05-18,completed,100,75,,hr
R000717,E0087,EV_003,2025-04-18,2025-05-18,completed,100,92,,hr
R000718,E0132,EV_022,2025-04-18,,no_show,0,,,hr
R000719,E0140,EV_005,2025-04-21,,dropped,70,,,self
R000720,E0150,EV_011,2025-04-21,,completed,100,,5,manager
R000721,E0045,EV_004,2025-04-22,2025-04-27,completed,100,,2,hr
R000722,E0047,EV_037,2025-04-22,,completed,100,,5,self
R000723,E0053,EV_019,2025-04-22,,dropped,75,,2,manager
R000724,E0192,EV_040,2025-04-22,,declined,0,,,manager
R000725,E0062,EV_008,2025-04-23,,completed,100,,,hr
R000726,E0164,EV_040,2025-04-23,,completed,100,,4,manager
R000727,E0052,EV_037,2025-04-24,,dropped,80,,3,self
R000728,E0122,EV_036,2025-04-24,,completed,100,,,self
R000729,E0128,EV_007,2025-04-24,,completed,100,,5,self
R000730,E0154,EV_036,2025-04-24,,no_show,0,,,self
R000731,E0195,EV_001,2025-04-24,2025-05-24,completed,100,90,,hr
R000732,E0195,EV_002,2025-04-24,2025-05-24,completed,100,74,,hr
R000733,E0195,EV_003,2025-04-24,2025-05-24,completed,100,89,,hr
R000734,E0050,EV_038,2025-04-25,,completed,100,67,,self
R000735,E0057,EV_038,2025-04-25,,no_show,0,,,manager
R000736,E0144,EV_008,2025-04-25,,completed,100,,5,manager
R000737,E0180,EV_039,2025-04-25,,completed,100,,5,hr
R000738,E0002,EV_019,2025-04-28,,dropped,40,,,manager
R000739,E0149,EV_039,2025-04-28,,completed,100,,3,hr
R000740,E0155,EV_007,2025-04-28,,dropped,25,,3,manager
R000741,E0170,EV_001,2025-04-28,2025-05-28,completed,100,91,,hr
R000742,E0170,EV_002,2025-04-28,2025-05-28,completed,100,82,,hr
R000743,E0170,EV_003,2025-04-28,2025-05-28,completed,100,74,,hr
R000744,E0195,EV_004,2025-04-28,2025-05-21,completed,100,,5,hr
R000745,E0005,EV_009,2025-04-29,,completed,100,82,3,self
R000746,E0014,EV_029,2025-04-29,,dropped,70,,,self
R000747,E0120,EV_005,2025-04-29,,completed,100,80,,manager
R000748,E0080,EV_024,2025-04-30,,dropped,30,,,self
R000749,E0123,EV_016,2025-04-30,,declined,0,,,manager
R000750,E0166,EV_034,2025-04-30,,completed,100,,,self
R000751,E0173,EV_031,2025-04-30,,no_show,0,,,hr
R000752,E0087,EV_004,2025-05-01,2025-05-15,completed,100,,,hr
R000753,E0176,EV_023,2025-05-01,,declined,0,,,manager
R000754,E0193,EV_022,2025-05-01,,completed,100,96,4,self
R000755,E0056,EV_036,2025-05-02,,completed,100,,5,manager
R000756,E0105,EV_034,2025-05-02,,completed,100,,5,self
R000757,E0149,EV_036,2025-05-02,,completed,100,,4,self
R000758,E0180,EV_008,2025-05-02,,completed,100,,5,manager
R000759,E0091,EV_019,2025-05-05,,completed,100,,5,manager
R000760,E0003,EV_037,2025-05-07,,completed,100,,,self
R000761,E0160,EV_035,2025-05-07,,completed,100,62,3,self
R000762,E0162,EV_036,2025-05-07,,no_show,0,,,self
R000763,E0199,EV_008,2025-05-08,,completed,100,,,hr
R000764,E0047,EV_010,2025-05-12,,completed,100,93,,manager
R000765,E0067,EV_036,2025-05-12,,completed,100,,5,self
R000766,E0046,EV_032,2025-05-13,,dropped,55,,,hr
R000767,E0081,EV_035,2025-05-13,,dropped,30,,3,manager
R000768,E0102,EV_013,2025-05-14,,no_show,0,,,self
R000769,E0112,EV_008,2025-05-14,,completed,100,,4,self
R000770,E0098,EV_009,2025-05-15,,dropped,85,,1,self
R000771,E0197,EV_008,2025-05-15,,completed,100,,4,self
R000772,E0021,EV_036,2025-05-16,,completed,100,,2,self
R000773,E0062,EV_039,2025-05-16,,completed,100,,4,manager
R000774,E0075,EV_036,2025-05-16,,no_show,0,,,self
R000775,E0111,EV_037,2025-05-16,,completed,100,,5,self
R000776,E0038,EV_026,2025-05-19,,completed,100,,3,self
R000777,E0087,EV_006,2025-05-19,,dropped,70,,3,self
R000778,E0111,EV_040,2025-05-19,,completed,100,,5,self
R000779,E0170,EV_004,2025-05-19,2025-05-24,completed,100,,,hr
R000780,E0008,EV_005,2025-05-21,,completed,100,79,4,manager
R000781,E0149,EV_032,2025-05-21,,completed,100,,5,self
R000782,E0192,EV_040,2025-05-21,,completed,100,,5,hr
R000783,E0075,EV_013,2025-05-22,,completed,100,96,3,manager
R000784,E0144,EV_035,2025-05-22,,completed,100,77,4,self
R000785,E0149,EV_036,2025-05-22,,completed,100,,,self
R000786,E0017,EV_038,2025-05-23,,completed,100,67,3,self
R000787,E0031,EV_001,2025-05-26,2025-06-25,completed,100,76,,hr
R000788,E0031,EV_002,2025-05-26,2025-06-25,completed,100,73,,hr
R000789,E0031,EV_003,2025-05-26,2025-06-25,completed,100,86,,hr
R000790,E0133,EV_034,2025-05-26,,dropped,45,,3,self
R000791,E0188,EV_001,2025-05-26,2025-06-25,completed,100,86,,hr
R000792,E0188,EV_002,2025-05-26,2025-06-25,completed,100,96,,hr
R000793,E0188,EV_003,2025-05-26,2025-06-25,completed,100,87,,hr
R000794,E0093,EV_034,2025-05-27,,completed,100,,,self
R000795,E0038,EV_027,2025-05-28,,completed,100,,4,manager
R000796,E0075,EV_009,2025-05-28,,completed,100,87,,manager
R000797,E0080,EV_038,2025-05-28,,no_show,0,,,self
R000798,E0163,EV_032,2025-05-28,,completed,100,,5,self
R000799,E0179,EV_037,2025-05-28,,completed,100,,3,manager
R000800,E0005,EV_037,2025-05-29,,completed,100,,4,self
R000801,E0008,EV_009,2025-05-29,,dropped,20,,,self
R000802,E0042,EV_036,2025-05-29,,completed,100,,3,manager
R000803,E0044,EV_016,2025-05-29,,completed,100,,,self
R000804,E0046,EV_034,2025-05-29,,dropped,25,,,self
R000805,E0086,EV_001,2025-05-29,2025-06-28,completed,100,70,,hr
R000806,E0086,EV_002,2025-05-29,2025-06-28,completed,100,90,,hr
R000807,E0086,EV_003,2025-05-29,2025-06-28,completed,100,70,,hr
R000808,E0170,EV_017,2025-05-29,,dropped,65,,,self
R000809,E0186,EV_005,2025-05-29,,dropped,45,,,self
R000810,E0189,EV_018,2025-05-29,,completed,100,66,5,self
R000811,E0109,EV_037,2025-05-30,,completed,100,,5,self
R000812,E0123,EV_005,2025-05-30,,dropped,40,,,self
R000813,E0002,EV_003,2025-06-02,2025-07-02,completed,100,97,,hr
R000814,E0002,EV_012,2025-06-02,,completed,100,91,4,self
R000815,E0003,EV_003,2025-06-02,2025-07-02,completed,100,82,,hr
R000816,E0004,EV_003,2025-06-02,2025-07-02,completed,100,74,,hr
R000817,E0005,EV_003,2025-06-02,2025-07-02,completed,100,87,,hr
R000818,E0006,EV_003,2025-06-02,2025-07-02,completed,100,95,,hr
R000819,E0007,EV_003,2025-06-02,2025-07-02,completed,100,85,,hr
R000820,E0007,EV_038,2025-06-02,,no_show,0,,,self
R000821,E0008,EV_003,2025-06-02,2025-07-02,completed,100,83,,hr
R000822,E0010,EV_003,2025-06-02,2025-07-02,completed,100,83,,hr
R000823,E0011,EV_003,2025-06-02,2025-07-02,completed,100,89,,hr
R000824,E0012,EV_003,2025-06-02,2025-07-02,completed,100,75,,hr
R000825,E0013,EV_003,2025-06-02,2025-07-02,completed,100,80,,hr
R000826,E0014,EV_003,2025-06-02,2025-07-02,completed,100,95,,hr
R000827,E0015,EV_003,2025-06-02,2025-07-02,completed,100,70,,hr
R000828,E0017,EV_003,2025-06-02,2025-07-02,completed,100,99,,hr
R000829,E0018,EV_003,2025-06-02,2025-07-02,completed,100,79,,hr
R000830,E0020,EV_003,2025-06-02,2025-07-02,completed,100,89,,hr
R000831,E0021,EV_003,2025-06-02,2025-07-02,completed,100,91,,hr
R000832,E0023,EV_003,2025-06-02,2025-07-02,completed,100,85,,hr
R000833,E0025,EV_003,2025-06-02,2025-07-02,completed,100,86,,hr
R000834,E0026,EV_003,2025-06-02,2025-07-02,completed,100,93,,hr
R000835,E0028,EV_003,2025-06-02,2025-07-02,completed,100,80,,hr
R000836,E0030,EV_003,2025-06-02,2025-07-02,completed,100,97,,hr
R000837,E0032,EV_003,2025-06-02,2025-07-02,completed,100,78,,hr
R000838,E0035,EV_003,2025-06-02,2025-07-02,completed,100,88,,hr
R000839,E0037,EV_003,2025-06-02,2025-07-02,completed,100,99,,hr
R000840,E0038,EV_003,2025-06-02,2025-07-02,completed,100,80,,hr
R000841,E0039,EV_003,2025-06-02,2025-07-02,completed,100,75,,hr
R000842,E0041,EV_003,2025-06-02,2025-07-02,completed,100,75,,hr
R000843,E0042,EV_003,2025-06-02,2025-07-02,completed,100,91,,hr
R000844,E0043,EV_003,2025-06-02,2025-07-02,completed,100,83,,hr
R000845,E0044,EV_003,2025-06-02,2025-07-02,completed,100,79,,hr
R000846,E0046,EV_003,2025-06-02,2025-07-02,completed,100,90,,hr
R000847,E0047,EV_003,2025-06-02,2025-07-02,completed,100,73,,hr
R000848,E0048,EV_003,2025-06-02,2025-07-02,completed,100,76,,hr
R000849,E0050,EV_003,2025-06-02,2025-07-02,completed,100,94,,hr
R000850,E0051,EV_003,2025-06-02,2025-07-02,completed,100,98,,hr
R000851,E0052,EV_003,2025-06-02,2025-07-02,completed,100,90,,hr
R000852,E0053,EV_003,2025-06-02,2025-07-02,completed,100,91,,hr
R000853,E0054,EV_003,2025-06-02,2025-07-02,completed,100,90,,hr
R000854,E0055,EV_003,2025-06-02,2025-07-02,completed,100,73,,hr
R000855,E0056,EV_003,2025-06-02,2025-07-02,completed,100,80,,hr
R000856,E0057,EV_003,2025-06-02,2025-07-02,completed,100,70,,hr
R000857,E0059,EV_003,2025-06-02,2025-07-02,completed,100,84,,hr
R000858,E0060,EV_003,2025-06-02,2025-07-02,completed,100,71,,hr
R000859,E0061,EV_003,2025-06-02,2025-07-02,completed,100,93,,hr
R000860,E0062,EV_003,2025-06-02,2025-07-02,completed,100,83,,hr
R000861,E0063,EV_003,2025-06-02,2025-07-02,completed,100,93,,hr
R000862,E0064,EV_003,2025-06-02,2025-07-02,completed,100,70,,hr
R000863,E0065,EV_003,2025-06-02,2025-07-02,completed,100,89,,hr
R000864,E0066,EV_003,2025-06-02,2025-07-02,completed,100,73,,hr
R000865,E0067,EV_003,2025-06-02,2025-07-02,completed,100,83,,hr
R000866,E0069,EV_003,2025-06-02,2025-07-02,completed,100,83,,hr
R000867,E0070,EV_003,2025-06-02,2025-07-02,completed,100,72,,hr
R000868,E0071,EV_003,2025-06-02,2025-07-02,completed,100,74,,hr
R000869,E0072,EV_003,2025-06-02,2025-07-02,completed,100,97,,hr
R000870,E0073,EV_003,2025-06-02,2025-07-02,completed,100,75,,hr
R000871,E0074,EV_003,2025-06-02,2025-07-02,completed,100,84,,hr
R000872,E0075,EV_003,2025-06-02,2025-07-02,completed,100,93,,hr
R000873,E0078,EV_003,2025-06-02,2025-07-02,completed,100,89,,hr
R000874,E0079,EV_003,2025-06-02,2025-07-02,completed,100,78,,hr
R000875,E0080,EV_003,2025-06-02,2025-07-02,completed,100,83,,hr
R000876,E0081,EV_003,2025-06-02,2025-07-02,completed,100,85,,hr
R000877,E0085,EV_003,2025-06-02,2025-07-02,completed,100,99,,hr
R000878,E0088,EV_003,2025-06-02,2025-07-02,completed,100,97,,hr
R000879,E0091,EV_003,2025-06-02,2025-07-02,completed,100,82,,hr
R000880,E0092,EV_003,2025-06-02,2025-07-02,completed,100,87,,hr
R000881,E0093,EV_003,2025-06-02,2025-07-02,completed,100,87,,hr
R000882,E0094,EV_003,2025-06-02,2025-07-02,completed,100,82,,hr
R000883,E0095,EV_003,2025-06-02,2025-07-02,completed,100,90,,hr
R000884,E0097,EV_003,2025-06-02,2025-07-02,completed,100,83,,hr
R000885,E0098,EV_003,2025-06-02,2025-07-02,completed,100,94,,hr
R000886,E0099,EV_003,2025-06-02,2025-07-02,completed,100,72,,hr
R000887,E0100,EV_003,2025-06-02,2025-07-02,completed,100,71,,hr
R000888,E0102,EV_003,2025-06-02,2025-07-02,completed,100,90,,hr
R000889,E0103,EV_003,2025-06-02,2025-07-02,completed,100,100,,hr
R000890,E0105,EV_003,2025-06-02,2025-07-02,completed,100,92,,hr
R000891,E0106,EV_003,2025-06-02,2025-07-02,completed,100,97,,hr
R000892,E0107,EV_003,2025-06-02,2025-07-02,completed,100,84,,hr
R000893,E0108,EV_003,2025-06-02,2025-07-02,completed,100,84,,hr
R000894,E0109,EV_003,2025-06-02,2025-07-02,completed,100,79,,hr
R000895,E0111,EV_003,2025-06-02,2025-07-02,completed,100,95,,hr
R000896,E0112,EV_003,2025-06-02,2025-07-02,completed,100,99,,hr
R000897,E0114,EV_003,2025-06-02,2025-07-02,completed,100,87,,hr
R000898,E0118,EV_003,2025-06-02,2025-07-02,completed,100,70,,hr
R000899,E0120,EV_003,2025-06-02,2025-07-02,completed,100,85,,hr
R000900,E0122,EV_003,2025-06-02,2025-07-02,completed,100,93,,hr
R000901,E0123,EV_003,2025-06-02,2025-07-02,completed,100,77,,hr
R000902,E0127,EV_003,2025-06-02,2025-07-02,completed,100,74,,hr
R000903,E0128,EV_003,2025-06-02,2025-07-02,completed,100,80,,hr
R000904,E0130,EV_003,2025-06-02,2025-07-02,completed,100,96,,hr
R000905,E0131,EV_003,2025-06-02,2025-07-02,completed,100,96,,hr
R000906,E0132,EV_003,2025-06-02,2025-07-02,completed,100,73,,hr
R000907,E0133,EV_003,2025-06-02,2025-07-02,completed,100,100,,hr
R000908,E0134,EV_003,2025-06-02,2025-07-02,completed,100,89,,hr
R000909,E0136,EV_003,2025-06-02,2025-07-02,completed,100,92,,hr
R000910,E0138,EV_003,2025-06-02,2025-07-02,completed,100,89,,hr
R000911,E0140,EV_003,2025-06-02,2025-07-02,completed,100,71,,hr
R000912,E0143,EV_003,2025-06-02,2025-07-02,completed,100,82,,hr
R000913,E0144,EV_003,2025-06-02,2025-07-02,completed,100,96,,hr
R000914,E0145,EV_003,2025-06-02,2025-07-02,completed,100,71,,hr
R000915,E0147,EV_003,2025-06-02,2025-07-02,completed,100,70,,hr
R000916,E0148,EV_003,2025-06-02,2025-07-02,completed,100,73,,hr
R000917,E0149,EV_003,2025-06-02,2025-07-02,completed,100,82,,hr
R000918,E0150,EV_003,2025-06-02,2025-07-02,completed,100,76,,hr
R000919,E0153,EV_003,2025-06-02,2025-07-02,completed,100,98,,hr
R000920,E0154,EV_003,2025-06-02,2025-07-02,completed,100,89,,hr
R000921,E0155,EV_003,2025-06-02,2025-07-02,completed,100,85,,hr
R000922,E0158,EV_003,2025-06-02,2025-07-02,completed,100,75,,hr
R000923,E0160,EV_003,2025-06-02,2025-07-02,completed,100,74,,hr
R000924,E0161,EV_003,2025-06-02,2025-07-02,completed,100,74,,hr
R000925,E0162,EV_003,2025-06-02,2025-07-02,completed,100,100,,hr
R000926,E0163,EV_003,2025-06-02,2025-07-02,completed,100,85,,hr
R000927,E0164,EV_003,2025-06-02,2025-07-02,completed,100,90,,hr
R000928,E0165,EV_003,2025-06-02,2025-07-02,completed,100,75,,hr
R000929,E0168,EV_003,2025-06-02,2025-07-02,completed,100,74,,hr
R000930,E0169,EV_003,2025-06-02,2025-07-02,completed,100,95,,hr
R000931,E0171,EV_003,2025-06-02,2025-07-02,completed,100,95,,hr
R000932,E0172,EV_003,2025-06-02,2025-07-02,completed,100,96,,hr
R000933,E0173,EV_003,2025-06-02,2025-07-02,completed,100,96,,hr
R000934,E0175,EV_003,2025-06-02,2025-07-02,completed,100,82,,hr
R000935,E0176,EV_003,2025-06-02,2025-07-02,completed,100,85,,hr
R000936,E0177,EV_003,2025-06-02,2025-07-02,completed,100,73,,hr
R000937,E0179,EV_003,2025-06-02,2025-07-02,completed,100,76,,hr
R000938,E0180,EV_003,2025-06-02,2025-07-02,completed,100,89,,hr
R000939,E0181,EV_003,2025-06-02,2025-07-02,completed,100,92,,hr
R000940,E0182,EV_003,2025-06-02,2025-07-02,completed,100,94,,hr
R000941,E0184,EV_003,2025-06-02,2025-07-02,completed,100,94,,hr
R000942,E0185,EV_003,2025-06-02,2025-07-02,completed,100,72,,hr
R000943,E0186,EV_003,2025-06-02,2025-07-02,completed,100,86,,hr
R000944,E0187,EV_003,2025-06-02,2025-07-02,completed,100,71,,hr
R000945,E0188,EV_004,2025-06-02,2025-06-20,completed,100,,5,hr
R000946,E0189,EV_003,2025-06-02,2025-07-02,completed,100,84,,hr
R000947,E0190,EV_003,2025-06-02,2025-07-02,completed,100,73,,hr
R000948,E0191,EV_003,2025-06-02,2025-07-02,completed,100,70,,hr
R000949,E0192,EV_003,2025-06-02,2025-07-02,completed,100,73,,hr
R000950,E0193,EV_003,2025-06-02,2025-07-02,completed,100,97,,hr
R000951,E0194,EV_003,2025-06-02,2025-07-02,completed,100,93,,hr
R000952,E0195,EV_037,2025-06-02,,no_show,0,,,manager
R000953,E0197,EV_003,2025-06-02,2025-07-02,completed,100,83,,hr
R000954,E0198,EV_003,2025-06-02,2025-07-02,completed,100,73,,hr
R000955,E0199,EV_003,2025-06-02,2025-07-02,completed,100,100,,hr
R000956,E0066,EV_019,2025-06-03,,no_show,0,,,self
R000957,E0030,EV_040,2025-06-04,,completed,100,,,self
R000958,E0043,EV_017,2025-06-04,,completed,100,84,5,manager
R000959,E0071,EV_027,2025-06-04,,dropped,35,,,manager
R000960,E0098,EV_018,2025-06-04,,dropped,25,,2,self
R000961,E0181,EV_008,2025-06-04,,completed,100,,,manager
R000962,E0019,EV_036,2025-06-05,,completed,100,,5,self
R000963,E0068,EV_001,2025-06-05,2025-07-05,completed,100,77,,hr
R000964,E0068,EV_002,2025-06-05,2025-07-05,completed,100,70,,hr
R000965,E0068,EV_003,2025-06-05,2025-07-05,completed,100,97,,hr
R000966,E0079,EV_039,2025-06-05,,completed,100,,1,self
R000967,E0017,EV_036,2025-06-06,,completed,100,,4,self
R000968,E0092,EV_010,2025-06-06,,completed,100,73,3,self
R000969,E0115,EV_016,2025-06-06,,dropped,55,,,manager
R000970,E0164,EV_039,2025-06-06,,completed,100,,,self
R000971,E0094,EV_008,2025-06-09,,completed,100,,4,manager
R000972,E0105,EV_031,2025-06-09,,completed,100,,3,self
R000973,E0130,EV_018,2025-06-09,,completed,100,98,5,self
R000974,E0064,EV_036,2025-06-10,,completed,100,,4,manager
R000975,E0026,EV_010,2025-06-11,,completed,100,91,4,self
R000976,E0041,EV_038,2025-06-11,,dropped,15,,,manager
R000977,E0115,EV_017,2025-06-11,,dropped,90,,3,manager
R000978,E0181,EV_016,2025-06-11,,completed,100,,,self
R000979,E0031,EV_004,2025-06-12,2025-06-20,completed,100,,3,hr
R000980,E0059,EV_032,2025-06-12,,no_show,0,,,self
R000981,E0099,EV_031,2025-06-12,,completed,100,,3,manager
R000982,E0118,EV_015,2025-06-12,,completed,100,67,,self
R000983,E0023,EV_008,2025-06-13,,completed,100,,5,manager
R000984,E0086,EV_004,2025-06-13,2025-06-25,completed,100,,,hr
R000985,E0173,EV_038,2025-06-13,,completed,100,67,4,self
R000986,E0035,EV_038,2025-06-16,,no_show,0,,,hr
R000987,E0040,EV_001,2025-06-16,2025-07-16,completed,100,81,,hr
R000988,E0040,EV_002,2025-06-16,2025-07-16,completed,100,73,,hr
R000989,E0040,EV_003,2025-06-16,2025-07-16,completed,100,91,,hr
R000990,E0176,EV_023,2025-06-16,,completed,100,,5,self
R000991,E0181,EV_026,2025-06-16,,completed,100,,,self
R000992,E0002,EV_008,2025-06-17,,completed,100,,5,self
R000993,E0085,EV_024,2025-06-17,,dropped,35,,,self
R000994,E0115,EV_013,2025-06-17,,completed,100,89,,self
R000995,E0123,EV_036,2025-06-17,,completed,100,,5,self
R000996,E0176,EV_036,2025-06-17,,completed,100,,,self
R000997,E0080,EV_022,2025-06-18,,completed,100,91,4,manager
R000998,E0085,EV_038,2025-06-18,,completed,100,67,,hr
R000999,E0177,EV_040,2025-06-18,,no_show,0,,,hr
R001000,E0012,EV_036,2025-06-19,,completed,100,,5,self
R001001,E0026,EV_009,2025-06-19,,dropped,15,,,self
R001002,E0068,EV_004,2025-06-19,2025-07-02,completed,100,,4,hr
R001003,E0100,EV_026,2025-06-19,,dropped,50,,,self
R001004,E0107,EV_036,2025-06-19,,completed,100,,5,self
R001005,E0127,EV_010,2025-06-19,,completed,100,75,5,self
R001006,E0147,EV_016,2025-06-19,,completed,100,,,self
R001007,E0189,EV_038,2025-06-20,,completed,100,66,5,manager
R001008,E0037,EV_008,2025-06-23,,completed,100,,5,self
R001009,E0132,EV_022,2025-06-23,,completed,100,85,5,manager
R001010,E0162,EV_022,2025-06-23,,completed,100,95,3,manager
R001011,E0035,EV_035,2025-06-24,,completed,100,99,5,manager
R001012,E0132,EV_038,2025-06-24,,completed,100,68,3,self
R001013,E0164,EV_006,2025-06-24,,completed,100,,5,hr
R001014,E0123,EV_036,2025-06-25,,no_show,0,,,self
R001015,E0023,EV_036,2025-06-27,,completed,100,,3,self
R001016,E0037,EV_013,2025-06-27,,no_show,0,,,self
R001017,E0090,EV_001,2025-06-27,2025-07-27,completed,100,81,,hr
R001018,E0090,EV_002,2025-06-27,2025-07-27,completed,100,78,,hr
R001019,E0090,EV_003,2025-06-27,2025-07-27,completed,100,86,,hr
R001020,E0158,EV_038,2025-06-27,,completed,100,92,,hr
R001021,E0170,EV_039,2025-06-27,,declined,0,,,manager
R001022,E0179,EV_019,2025-06-27,,completed,100,,4,self
R001023,E0194,EV_038,2025-06-27,,no_show,0,,,self
R001024,E0048,EV_023,2025-06-30,,completed,100,,4,manager
R001025,E0070,EV_037,2025-06-30,,completed,100,,3,self
R001026,E0099,EV_034,2025-06-30,,completed,100,,3,self
R001027,E0130,EV_035,2025-06-30,,completed,100,67,,self
R001028,E0133,EV_029,2025-06-30,,dropped,50,,1,manager
R001029,E0148,EV_036,2025-06-30,,completed,100,,4,self
R001030,E0150,EV_009,2025-06-30,,declined,0,,,manager
R001031,E0143,EV_036,2025-07-01,,no_show,0,,,self
R001032,E0165,EV_023,2025-07-01,,dropped,60,,,self
R001033,E0196,EV_040,2025-07-01,,completed,100,,,self
R001034,E0029,EV_034,2025-07-02,,completed,100,,4,self
R001035,E0085,EV_025,2025-07-02,,completed,100,68,5,self
R001036,E0133,EV_039,2025-07-02,,completed,100,,4,self
R001037,E0027,EV_037,2025-07-03,,completed,100,,,self
R001038,E0036,EV_001,2025-07-03,2025-08-02,completed,100,73,,hr
R001039,E0036,EV_002,2025-07-03,2025-08-02,completed,100,84,,hr
R001040,E0036,EV_003,2025-07-03,2025-08-02,completed,100,77,,hr
R001041,E0083,EV_034,2025-07-03,,completed,100,,3,self
R001042,E0173,EV_029,2025-07-03,,completed,100,94,4,self
R001043,E0184,EV_010,2025-07-03,,dropped,35,,2,self
R001044,E0046,EV_040,2025-07-04,,completed,100,,3,self
R001045,E0187,EV_008,2025-07-04,,completed,100,,2,self
R001046,E0195,EV_016,2025-07-04,,no_show,0,,,manager
R001047,E0040,EV_004,2025-07-07,2025-07-13,completed,100,,,hr
R001048,E0090,EV_004,2025-07-07,2025-07-24,completed,100,,5,hr
R001049,E0153,EV_036,2025-07-07,,no_show,0,,,self
R001050,E0042,EV_040,2025-07-08,,no_show,0,,,self
R001051,E0114,EV_034,2025-07-08,,completed,100,,4,self
R001052,E0059,EV_036,2025-07-09,,completed,100,,,self
R001053,E0062,EV_033,2025-07-09,,completed,100,87,,self
R001054,E0139,EV_039,2025-07-09,,completed,100,,4,self
R001055,E0191,EV_008,2025-07-10,,declined,0,,,hr
R001056,E0195,EV_027,2025-07-10,,dropped,40,,3,self
R001057,E0067,EV_013,2025-07-11,,completed,100,80,2,self
R001058,E0088,EV_038,2025-07-11,,completed,100,87,4,self
R001059,E0011,EV_025,2025-07-14,,no_show,0,,,self
R001060,E0180,EV_040,2025-07-14,,completed,100,,4,manager
R001061,E0037,EV_040,2025-07-15,,no_show,0,,,manager
R001062,E0054,EV_037,2025-07-15,,completed,100,,,self
R001063,E0176,EV_027,2025-07-15,,completed,100,,,self
R001064,E0017,EV_037,2025-07-16,,completed,100,,5,self
R001065,E0041,EV_020,2025-07-16,,declined,0,,,hr
R001066,E0005,EV_036,2025-07-17,,completed,100,,4,manager
R001067,E0150,EV_009,2025-07-17,,completed,100,74,4,self
R001068,E0197,EV_018,2025-07-17,,completed,100,78,5,self
R001069,E0200,EV_001,2025-07-17,2025-08-16,completed,100,73,,hr
R001070,E0200,EV_002,2025-07-17,2025-08-16,completed,100,86,,hr
R001071,E0200,EV_003,2025-07-17,2025-08-16,completed,100,77,,hr
R001072,E0081,EV_034,2025-07-18,,completed,100,,4,hr
R001073,E0036,EV_004,2025-07-21,2025-07-30,completed,100,,4,hr
R001074,E0040,EV_005,2025-07-21,,completed,100,90,4,self
R001075,E0057,EV_038,2025-07-21,,completed,100,97,1,self
R001076,E0015,EV_009,2025-07-22,,completed,100,64,5,manager
R001077,E0032,EV_008,2025-07-22,,completed,100,,3,self
R001078,E0043,EV_013,2025-07-22,,completed,100,90,,self
R001079,E0048,EV_021,2025-07-22,,declined,0,,,manager
R001080,E0083,EV_008,2025-07-22,,dropped,60,,,self
R001081,E0133,EV_040,2025-07-22,,completed,100,,4,self
R001082,E0197,EV_039,2025-07-22,,no_show,0,,,self
R001083,E0044,EV_038,2025-07-23,,no_show,0,,,manager
R001084,E0148,EV_034,2025-07-23,,completed,100,,5,self
R001085,E0169,EV_038,2025-07-23,,dropped,45,,,self
R001086,E0172,EV_030,2025-07-23,,completed,100,,,self
R001087,E0025,EV_021,2025-07-24,,completed,100,,1,self
R001088,E0029,EV_039,2025-07-24,,completed,100,,,self
R001089,E0107,EV_026,2025-07-24,,dropped,25,,,hr
R001090,E0150,EV_006,2025-07-24,,completed,100,,,self
R001091,E0140,EV_007,2025-07-25,,completed,100,,,self
R001092,E0196,EV_012,2025-07-25,,declined,0,,,hr
R001093,E0047,EV_039,2025-07-28,,completed,100,,,self
R001094,E0060,EV_027,2025-07-28,,declined,0,,,manager
R001095,E0160,EV_034,2025-07-28,,completed,100,,5,self
R001096,E0166,EV_039,2025-07-28,,completed,100,,5,self
R001097,E0028,EV_007,2025-07-29,,completed,100,,3,self
R001098,E0114,EV_008,2025-07-29,,declined,0,,,manager
R001099,E0007,EV_040,2025-07-30,,completed,100,,4,self
R001100,E0165,EV_040,2025-07-30,,dropped,45,,,manager
R001101,E0189,EV_040,2025-07-30,,completed,100,,,hr
R001102,E0017,EV_023,2025-07-31,,completed,100,,3,manager
R001103,E0059,EV_036,2025-07-31,,completed,100,,3,manager
R001104,E0195,EV_027,2025-08-01,,dropped,30,,1,self
R001105,E0034,EV_001,2025-08-04,2025-09-03,completed,100,75,,hr
R001106,E0034,EV_002,2025-08-04,2025-09-03,completed,100,79,,hr
R001107,E0034,EV_003,2025-08-04,2025-09-03,completed,100,89,,hr
R001108,E0140,EV_012,2025-08-04,,declined,0,,,manager
R001109,E0042,EV_013,2025-08-05,,dropped,40,,2,hr
R001110,E0200,EV_004,2025-08-05,2025-08-13,completed,100,,,hr
R001111,E0006,EV_014,2025-08-06,,completed,100,,,manager
R001112,E0023,EV_019,2025-08-06,,dropped,20,,,hr
R001113,E0047,EV_005,2025-08-06,,completed,100,61,5,self
R001114,E0088,EV_005,2025-08-06,,completed,100,74,3,self
R001115,E0041,EV_032,2025-08-07,,completed,100,,,self
R001116,E0045,EV_039,2025-08-07,,completed,100,,,self
R001117,E0093,EV_039,2025-08-07,,completed,100,,3,hr
R001118,E0120,EV_036,2025-08-07,,completed,100,,5,hr
R001119,E0013,EV_036,2025-08-08,,completed,100,,4,self
R001120,E0051,EV_040,2025-08-08,,dropped,90,,2,self
R001121,E0055,EV_036,2025-08-08,,completed,100,,,self
R001122,E0062,EV_037,2025-08-08,,completed,100,,4,self
R001123,E0075,EV_040,2025-08-08,,completed,100,,3,self
R001124,E0137,EV_037,2025-08-08,,completed,100,,,self
R001125,E0155,EV_005,2025-08-08,,dropped,20,,,self
R001126,E0098,EV_019,2025-08-11,,dropped,90,,,self
R001127,E0143,EV_034,2025-08-11,,completed,100,,5,self
R001128,E0192,EV_039,2025-08-11,,completed,100,,4,self
R001129,E0071,EV_027,2025-08-12,,completed,100,,,self
R001130,E0079,EV_008,2025-08-12,,completed,100,,4,self
R001131,E0124,EV_022,2025-08-12,,declined,0,,,manager
R001132,E0127,EV_005,2025-08-12,,dropped,80,,,manager
R001133,E0185,EV_035,2025-08-12,,completed,100,80,3,self
R001134,E0052,EV_037,2025-08-13,,no_show,0,,,manager
R001135,E0137,EV_009,2025-08-13,,dropped,10,,1,manager
R001136,E0145,EV_040,2025-08-13,,completed,100,,3,self
R001137,E0034,EV_004,2025-08-14,2025-08-31,completed,100,,,hr
R001138,E0055,EV_023,2025-08-14,,completed,100,,,self
R001139,E0031,EV_037,2025-08-15,,completed,100,,3,self
R001140,E0048,EV_040,2025-08-18,,completed,100,,3,manager
R001141,E0080,EV_021,2025-08-19,,completed,100,,4,self
R001142,E0197,EV_040,2025-08-19,,declined,0,,,manager
R001143,E0192,EV_019,2025-08-20,,completed,100,,2,self
R001144,E0074,EV_027,2025-08-21,,declined,0,,,manager
R001145,E0142,EV_001,2025-08-21,2025-09-20,overdue,60,,,hr
R001146,E0142,EV_002,2025-08-21,2025-09-20,completed,100,78,,hr
R001147,E0142,EV_003,2025-08-21,2025-09-20,completed,100,88,,hr
R001148,E0166,EV_033,2025-08-21,,completed,100,81,3,self
R001149,E0184,EV_009,2025-08-21,,dropped,40,,2,self
R001150,E0011,EV_020,2025-08-22,,completed,100,99,3,self
R001151,E0160,EV_036,2025-08-22,,no_show,0,,,manager
R001152,E0162,EV_009,2025-08-22,,completed,100,83,4,self
R001153,E0012,EV_032,2025-08-25,,completed,100,,4,self
R001154,E0029,EV_040,2025-08-25,,completed,100,,3,self
R001155,E0042,EV_015,2025-08-25,,completed,100,75,4,manager
R001156,E0051,EV_034,2025-08-25,,no_show,0,,,manager
R001157,E0055,EV_040,2025-08-25,,completed,100,,4,manager
R001158,E0165,EV_027,2025-08-26,,completed,100,,2,self
R001159,E0180,EV_035,2025-08-26,,completed,100,87,,manager
R001160,E0007,EV_006,2025-08-27,,declined,0,,,hr
R001161,E0047,EV_011,2025-08-27,,no_show,0,,,self
R001162,E0113,EV_027,2025-08-27,,completed,100,,,manager
R001163,E0142,EV_004,2025-08-27,2025-09-17,completed,100,,5,hr
R001164,E0170,EV_036,2025-08-27,,no_show,0,,,manager
R001165,E0027,EV_029,2025-08-28,,completed,100,87,4,hr
R001166,E0028,EV_040,2025-08-28,,completed,100,,,self
R001167,E0039,EV_036,2025-08-28,,no_show,0,,,manager
R001168,E0186,EV_005,2025-08-28,,dropped,75,,1,self
R001169,E0189,EV_019,2025-08-28,,completed,100,,4,self
R001170,E0044,EV_037,2025-09-01,,completed,100,,4,self
R001171,E0107,EV_026,2025-09-01,,completed,100,,5,manager
R001172,E0195,EV_026,2025-09-01,,completed,100,,4,manager
R001173,E0032,EV_036,2025-09-02,,no_show,0,,,manager
R001174,E0068,EV_017,2025-09-02,,no_show,0,,,self
R001175,E0118,EV_013,2025-09-02,,completed,100,63,,self
R001176,E0200,EV_012,2025-09-02,,dropped,25,,2,self
R001177,E0098,EV_005,2025-09-03,,completed,100,71,,manager
R001178,E0123,EV_014,2025-09-03,,completed,100,,,self
R001179,E0086,EV_039,2025-09-04,,declined,0,,,manager
R001180,E0109,EV_014,2025-09-05,,no_show,0,,,self
R001181,E0005,EV_039,2025-09-08,,declined,0,,,hr
R001182,E0111,EV_005,2025-09-08,,completed,100,73,4,self
R001183,E0134,EV_008,2025-09-08,,dropped,15,,,self
R001184,E0169,EV_036,2025-09-08,,completed,100,,3,self
R001185,E0035,EV_038,2025-09-09,,completed,100,85,,manager
R001186,E0067,EV_040,2025-09-09,,completed,100,,5,self
R001187,E0122,EV_013,2025-09-09,,dropped,15,,,manager
R001188,E0079,EV_040,2025-09-10,,completed,100,,5,manager
R001189,E0154,EV_011,2025-09-10,,completed,100,,3,manager
R001190,E0182,EV_036,2025-09-10,,no_show,0,,,manager
R001191,E0181,EV_023,2025-09-11,,completed,100,,4,self
R001192,E0098,EV_009,2025-09-12,,dropped,50,,,hr
R001193,E0169,EV_039,2025-09-12,,completed,100,,4,self
R001194,E0067,EV_016,2025-09-15,,completed,100,,4,self
R001195,E0151,EV_001,2025-09-15,2025-10-15,completed,100,73,,hr
R001196,E0151,EV_002,2025-09-15,2025-10-15,completed,100,92,,hr
R001197,E0151,EV_003,2025-09-15,2025-10-15,completed,100,89,,hr
R001198,E0192,EV_011,2025-09-15,,completed,100,,4,self
R001199,E0102,EV_008,2025-09-16,,completed,100,,4,self
R001200,E0153,EV_036,2025-09-16,,completed,100,,3,self
R001201,E0041,EV_036,2025-09-17,,completed,100,,,self
R001202,E0102,EV_013,2025-09-17,,declined,0,,,manager
R001203,E0105,EV_038,2025-09-17,,completed,100,94,2,manager
R001204,E0151,EV_004,2025-09-17,2025-10-11,completed,100,,,hr
R001205,E0017,EV_039,2025-09-18,,completed,100,,2,self
R001206,E0031,EV_034,2025-09-18,,completed,100,,4,self
R001207,E0077,EV_001,2025-09-18,2025-10-18,overdue,25,,,hr
R001208,E0077,EV_002,2025-09-18,2025-10-18,completed,100,99,,hr
R001209,E0077,EV_003,2025-09-18,2025-10-18,completed,100,88,,hr
R001210,E0121,EV_001,2025-09-18,2025-10-18,completed,100,79,,hr
R001211,E0121,EV_002,2025-09-18,2025-10-18,completed,100,99,,hr
R001212,E0121,EV_003,2025-09-18,2025-10-18,completed,100,73,,hr
R001213,E0140,EV_037,2025-09-18,,completed,100,,5,self
R001214,E0148,EV_040,2025-09-18,,completed,100,,5,self
R001215,E0149,EV_033,2025-09-18,,completed,100,74,5,hr
R001216,E0193,EV_023,2025-09-18,,completed,100,,5,manager
R001217,E0038,EV_008,2025-09-19,,declined,0,,,manager
R001218,E0068,EV_013,2025-09-19,,completed,100,97,4,self
R001219,E0075,EV_036,2025-09-19,,completed,100,,2,hr
R001220,E0094,EV_037,2025-09-19,,completed,100,,,self
R001221,E0132,EV_008,2025-09-19,,completed,100,,3,self
R001222,E0040,EV_040,2025-09-22,,no_show,0,,,self
R001223,E0131,EV_008,2025-09-22,,no_show,0,,,self
R001224,E0133,EV_030,2025-09-22,,completed,100,,5,self
R001225,E0142,EV_039,2025-09-22,,completed,100,,,manager
R001226,E0190,EV_010,2025-09-22,,completed,100,72,3,manager
R001227,E0199,EV_022,2025-09-22,,no_show,0,,,hr
R001228,E0029,EV_038,2025-09-23,,completed,100,84,4,hr
R001229,E0042,EV_040,2025-09-23,,completed,100,,4,self
R001230,E0068,EV_037,2025-09-23,,no_show,0,,,self
R001231,E0182,EV_016,2025-09-23,,completed,100,,4,manager
R001232,E0127,EV_009,2025-09-24,,completed,100,75,5,self
R001233,E0036,EV_016,2025-09-25,,completed,100,,5,self
R001234,E0055,EV_026,2025-09-25,,completed,100,,4,hr
R001235,E0078,EV_034,2025-09-25,,completed,100,,4,self
R001236,E0105,EV_037,2025-09-25,,completed,100,,4,self
R001237,E0128,EV_037,2025-09-25,,completed,100,,4,self
R001238,E0160,EV_036,2025-09-25,,completed,100,,5,self
R001239,E0163,EV_037,2025-09-25,,completed,100,,4,self
R001240,E0183,EV_001,2025-09-25,2025-10-25,completed,100,93,,hr
R001241,E0183,EV_002,2025-09-25,2025-10-25,completed,100,84,,hr
R001242,E0183,EV_003,2025-09-25,2025-10-25,completed,100,80,,hr
R001243,E0033,EV_001,2025-09-26,2025-10-26,completed,100,76,,hr
R001244,E0033,EV_002,2025-09-26,2025-10-26,completed,100,79,,hr
R001245,E0033,EV_003,2025-09-26,2025-10-26,completed,100,82,,hr
R001246,E0046,EV_039,2025-09-26,,completed,100,,,manager
R001247,E0098,EV_018,2025-09-26,,completed,100,61,2,self
R001248,E0103,EV_019,2025-09-26,,no_show,0,,,manager
R001249,E0131,EV_031,2025-09-26,,no_show,0,,,manager
R001250,E0147,EV_036,2025-09-26,,no_show,0,,,manager
R001251,E0153,EV_040,2025-09-26,,completed,100,,5,self
R001252,E0052,EV_036,2025-09-29,,completed,100,,5,manager
R001253,E0121,EV_004,2025-09-29,2025-10-15,completed,100,,4,hr
R001254,E0123,EV_009,2025-09-29,,completed,100,71,4,manager
R001255,E0183,EV_004,2025-09-29,2025-10-22,completed,100,,,hr
R001256,E0198,EV_034,2025-09-29,,completed,100,,4,self
R001257,E0072,EV_018,2025-09-30,,dropped,55,,2,self
R001258,E0074,EV_027,2025-09-30,,completed,100,,,self
R001259,E0105,EV_030,2025-09-30,,dropped,10,,2,self
R001260,E0189,EV_037,2025-09-30,,no_show,0,,,self
R001261,E0050,EV_036,2025-10-01,,declined,0,,,manager
R001262,E0105,EV_028,2025-10-01,,completed,100,,,self
R001263,E0195,EV_027,2025-10-01,,completed,100,,,self
R001264,E0033,EV_004,2025-10-02,2025-10-23,completed,100,,,hr
R001265,E0067,EV_009,2025-10-02,,completed,100,73,5,self
R001266,E0122,EV_013,2025-10-02,,completed,100,77,4,self
R001267,E0195,EV_008,2025-10-02,,completed,100,,5,manager
R001268,E0021,EV_035,2025-10-03,,completed,100,95,,self
R001269,E0188,EV_020,2025-10-03,,completed,100,96,5,self
R001270,E0039,EV_039,2025-10-06,,completed,100,,5,self
R001271,E0065,EV_008,2025-10-06,,dropped,15,,,self
R001272,E0127,EV_036,2025-10-06,,no_show,0,,,manager
R001273,E0192,EV_008,2025-10-06,,completed,100,,5,self
R001274,E0069,EV_009,2025-10-07,,dropped,50,,2,self
R001275,E0077,EV_004,2025-10-07,2025-10-15,completed,100,,5,hr
R001276,E0103,EV_039,2025-10-07,,completed,100,,,self
R001277,E0150,EV_036,2025-10-07,,no_show,0,,,self
R001278,E0161,EV_033,2025-10-07,,no_show,0,,,manager
R001279,E0191,EV_008,2025-10-07,,completed,100,,4,self
R001280,E0006,EV_036,2025-10-08,,declined,0,,,manager
R001281,E0015,EV_040,2025-10-08,,completed,100,,2,manager
R001282,E0031,EV_035,2025-10-09,,completed,100,86,5,self
R001283,E0051,EV_038,2025-10-09,,completed,100,60,,self
R001284,E0068,EV_037,2025-10-09,,completed,100,,5,self
R001285,E0075,EV_036,2025-10-09,,completed,100,,5,self
R001286,E0079,EV_036,2025-10-09,,completed,100,,3,self
R001287,E0097,EV_012,2025-10-09,,dropped,15,,,manager
R001288,E0032,EV_012,2025-10-10,,dropped,55,,,self
R001289,E0034,EV_023,2025-10-10,,completed,100,,5,manager
R001290,E0041,EV_020,2025-10-10,,completed,100,66,,manager
R001291,E0059,EV_032,2025-10-10,,no_show,0,,,hr
R001292,E0061,EV_036,2025-10-10,,no_show,0,,,self
R001293,E0023,EV_019,2025-10-13,,completed,100,,3,self
R001294,E0047,EV_006,2025-10-13,,completed,100,,5,self
R001295,E0048,EV_008,2025-10-13,,completed,100,,,self
R001296,E0080,EV_038,2025-10-13,,completed,100,73,4,manager
R001297,E0065,EV_040,2025-10-14,,completed,100,,,manager
R001298,E0091,EV_035,2025-10-14,,completed,100,82,5,self
R001299,E0011,EV_012,2025-10-15,,dropped,35,,3,manager
R001300,E0052,EV_037,2025-10-15,,completed,100,,,self
R001301,E0140,EV_011,2025-10-15,,completed,100,,3,self
R001302,E0062,EV_040,2025-10-16,,completed,100,,5,self
R001303,E0095,EV_029,2025-10-16,,completed,100,73,5,self
R001304,E0149,EV_036,2025-10-16,,completed,100,,4,self
R001305,E0157,EV_001,2025-10-16,2025-11-15,completed,100,95,,hr
R001306,E0157,EV_002,2025-10-16,2025-11-15,completed,100,92,,hr
R001307,E0157,EV_003,2025-10-16,2025-11-15,completed,100,77,,hr
R001308,E0175,EV_011,2025-10-16,,no_show,0,,,self
R001309,E0045,EV_036,2025-10-17,,completed,100,,,manager
R001310,E0081,EV_037,2025-10-17,,dropped,20,,3,manager
R001311,E0086,EV_008,2025-10-17,,completed,100,,,self
R001312,E0093,EV_040,2025-10-17,,completed,100,,,self
R001313,E0102,EV_036,2025-10-17,,completed,100,,5,self
R001314,E0127,EV_007,2025-10-17,,completed,100,,5,self
R001315,E0170,EV_015,2025-10-17,,completed,100,92,4,manager
R001316,E0191,EV_039,2025-10-17,,completed,100,,5,self
R001317,E0043,EV_016,2025-10-20,,completed,100,,3,self
R001318,E0053,EV_018,2025-10-20,,completed,100,78,1,manager
R001319,E0093,EV_035,2025-10-20,,declined,0,,,hr
R001320,E0081,EV_037,2025-10-21,,completed,100,,5,self
R001321,E0112,EV_037,2025-10-21,,completed,100,,4,self
R001322,E0144,EV_036,2025-10-21,,completed,100,,4,manager
R001323,E0191,EV_032,2025-10-21,,no_show,0,,,hr
R001324,E0053,EV_019,2025-10-22,,no_show,0,,,manager
R001325,E0080,EV_024,2025-10-22,,dropped,85,,1,self
R001326,E0180,EV_036,2025-10-23,,completed,100,,5,self
R001327,E0198,EV_036,2025-10-23,,no_show,0,,,self
R001328,E0056,EV_037,2025-10-24,,completed,100,,3,manager
R001329,E0125,EV_001,2025-10-24,2025-11-23,overdue,60,,,hr
R001330,E0125,EV_002,2025-10-24,2025-11-23,completed,100,73,,hr
R001331,E0125,EV_003,2025-10-24,2025-11-23,completed,100,75,,hr
R001332,E0035,EV_037,2025-10-27,,no_show,0,,,manager
R001333,E0173,EV_034,2025-10-27,,no_show,0,,,self
R001334,E0007,EV_038,2025-10-28,,completed,100,71,,self
R001335,E0093,EV_035,2025-10-28,,completed,100,88,5,hr
R001336,E0116,EV_026,2025-10-28,,completed,100,,3,self
R001337,E0020,EV_039,2025-10-29,,no_show,0,,,self
R001338,E0027,EV_028,2025-10-29,,dropped,20,,,self
R001339,E0122,EV_037,2025-10-29,,completed,100,,3,hr
R001340,E0197,EV_040,2025-10-29,,completed,100,,4,manager
R001341,E0011,EV_038,2025-10-30,,completed,100,96,,self
R001342,E0125,EV_004,2025-10-30,2025-11-20,completed,100,,,hr
R001343,E0162,EV_008,2025-10-30,,completed,100,,4,self
R001344,E0163,EV_034,2025-10-31,,completed,100,,5,self
R001345,E0198,EV_039,2025-10-31,,no_show,0,,,self
R001346,E0002,EV_001,2025-11-03,2025-12-03,completed,100,82,,hr
R001347,E0003,EV_001,2025-11-03,2025-12-03,overdue,0,,,hr
R001348,E0004,EV_001,2025-11-03,2025-12-03,completed,100,85,,hr
R001349,E0005,EV_001,2025-11-03,2025-12-03,completed,100,80,,hr
R001350,E0006,EV_001,2025-11-03,2025-12-03,completed,100,89,,hr
R001351,E0007,EV_001,2025-11-03,2025-12-03,completed,100,86,,hr
R001352,E0008,EV_001,2025-11-03,2025-12-03,completed,100,72,,hr
R001353,E0010,EV_001,2025-11-03,2025-12-03,completed,100,100,,hr
R001354,E0011,EV_001,2025-11-03,2025-12-03,overdue,25,,,hr
R001355,E0012,EV_001,2025-11-03,2025-12-03,completed,100,71,,hr
R001356,E0013,EV_001,2025-11-03,2025-12-03,completed,100,90,,hr
R001357,E0014,EV_001,2025-11-03,2025-12-03,completed,100,87,,hr
R001358,E0015,EV_001,2025-11-03,2025-12-03,completed,100,81,,hr
R001359,E0017,EV_001,2025-11-03,2025-12-03,completed,100,92,,hr
R001360,E0018,EV_001,2025-11-03,2025-12-03,completed,100,98,,hr
R001361,E0019,EV_001,2025-11-03,2025-12-03,completed,100,91,,hr
R001362,E0020,EV_001,2025-11-03,2025-12-03,completed,100,84,,hr
R001363,E0021,EV_001,2025-11-03,2025-12-03,completed,100,78,,hr
R001364,E0023,EV_001,2025-11-03,2025-12-03,completed,100,85,,hr
R001365,E0025,EV_001,2025-11-03,2025-12-03,overdue,40,,,hr
R001366,E0026,EV_001,2025-11-03,2025-12-03,overdue,0,,,hr
R001367,E0027,EV_001,2025-11-03,2025-12-03,completed,100,85,,hr
R001368,E0028,EV_001,2025-11-03,2025-12-03,completed,100,91,,hr
R001369,E0029,EV_001,2025-11-03,2025-12-03,completed,100,79,,hr
R001370,E0030,EV_001,2025-11-03,2025-12-03,completed,100,100,,hr
R001371,E0031,EV_001,2025-11-03,2025-12-03,completed,100,76,,hr
R001372,E0032,EV_001,2025-11-03,2025-12-03,completed,100,93,,hr
R001373,E0035,EV_001,2025-11-03,2025-12-03,completed,100,98,,hr
R001374,E0036,EV_001,2025-11-03,2025-12-03,completed,100,100,,hr
R001375,E0037,EV_001,2025-11-03,2025-12-03,completed,100,85,,hr
R001376,E0038,EV_001,2025-11-03,2025-12-03,completed,100,92,,hr
R001377,E0039,EV_001,2025-11-03,2025-12-03,overdue,40,,,hr
R001378,E0040,EV_001,2025-11-03,2025-12-03,completed,100,80,,hr
R001379,E0041,EV_001,2025-11-03,2025-12-03,completed,100,75,,hr
R001380,E0042,EV_001,2025-11-03,2025-12-03,completed,100,83,,hr
R001381,E0043,EV_001,2025-11-03,2025-12-03,completed,100,79,,hr
R001382,E0044,EV_001,2025-11-03,2025-12-03,completed,100,97,,hr
R001383,E0045,EV_001,2025-11-03,2025-12-03,completed,100,95,,hr
R001384,E0046,EV_001,2025-11-03,2025-12-03,completed,100,71,,hr
R001385,E0047,EV_001,2025-11-03,2025-12-03,completed,100,84,,hr
R001386,E0048,EV_001,2025-11-03,2025-12-03,completed,100,83,,hr
R001387,E0050,EV_001,2025-11-03,2025-12-03,completed,100,98,,hr
R001388,E0051,EV_001,2025-11-03,2025-12-03,overdue,0,,,hr
R001389,E0052,EV_001,2025-11-03,2025-12-03,completed,100,72,,hr
R001390,E0053,EV_001,2025-11-03,2025-12-03,overdue,0,,,hr
R001391,E0054,EV_001,2025-11-03,2025-12-03,completed,100,99,,hr
R001392,E0055,EV_001,2025-11-03,2025-12-03,completed,100,95,,hr
R001393,E0056,EV_001,2025-11-03,2025-12-03,completed,100,90,,hr
R001394,E0057,EV_001,2025-11-03,2025-12-03,completed,100,83,,hr
R001395,E0059,EV_001,2025-11-03,2025-12-03,completed,100,73,,hr
R001396,E0060,EV_001,2025-11-03,2025-12-03,overdue,10,,,hr
R001397,E0061,EV_001,2025-11-03,2025-12-03,completed,100,71,,hr
R001398,E0062,EV_001,2025-11-03,2025-12-03,completed,100,93,,hr
R001399,E0063,EV_001,2025-11-03,2025-12-03,completed,100,81,,hr
R001400,E0064,EV_001,2025-11-03,2025-12-03,overdue,60,,,hr
R001401,E0065,EV_001,2025-11-03,2025-12-03,completed,100,90,,hr
R001402,E0066,EV_001,2025-11-03,2025-12-03,completed,100,89,,hr
R001403,E0067,EV_001,2025-11-03,2025-12-03,completed,100,98,,hr
R001404,E0068,EV_001,2025-11-03,2025-12-03,completed,100,80,,hr
R001405,E0069,EV_001,2025-11-03,2025-12-03,completed,100,90,,hr
R001406,E0070,EV_001,2025-11-03,2025-12-03,completed,100,78,,hr
R001407,E0071,EV_001,2025-11-03,2025-12-03,completed,100,89,,hr
R001408,E0072,EV_001,2025-11-03,2025-12-03,completed,100,99,,hr
R001409,E0073,EV_001,2025-11-03,2025-12-03,completed,100,84,,hr
R001410,E0074,EV_001,2025-11-03,2025-12-03,completed,100,94,,hr
R001411,E0075,EV_001,2025-11-03,2025-12-03,overdue,0,,,hr
R001412,E0078,EV_001,2025-11-03,2025-12-03,completed,100,84,,hr
R001413,E0079,EV_001,2025-11-03,2025-12-03,completed,100,79,,hr
R001414,E0080,EV_001,2025-11-03,2025-12-03,completed,100,90,,hr
R001415,E0081,EV_001,2025-11-03,2025-12-03,overdue,60,,,hr
R001416,E0082,EV_001,2025-11-03,2025-12-03,overdue,60,,,hr
R001417,E0082,EV_009,2025-11-03,,completed,100,80,,manager
R001418,E0083,EV_001,2025-11-03,2025-12-03,completed,100,78,,hr
R001419,E0085,EV_001,2025-11-03,2025-12-03,completed,100,97,,hr
R001420,E0086,EV_001,2025-11-03,2025-12-03,completed,100,77,,hr
R001421,E0087,EV_001,2025-11-03,2025-12-03,completed,100,97,,hr
R001422,E0088,EV_001,2025-11-03,2025-12-03,completed,100,84,,hr
R001423,E0090,EV_001,2025-11-03,2025-12-03,overdue,10,,,hr
R001424,E0091,EV_001,2025-11-03,2025-12-03,completed,100,86,,hr
R001425,E0092,EV_001,2025-11-03,2025-12-03,completed,100,81,,hr
R001426,E0093,EV_001,2025-11-03,2025-12-03,completed,100,99,,hr
R001427,E0094,EV_001,2025-11-03,2025-12-03,completed,100,82,,hr
R001428,E0095,EV_001,2025-11-03,2025-12-03,completed,100,83,,hr
R001429,E0097,EV_001,2025-11-03,2025-12-03,completed,100,87,,hr
R001430,E0098,EV_001,2025-11-03,2025-12-03,completed,100,87,,hr
R001431,E0099,EV_001,2025-11-03,2025-12-03,completed,100,90,,hr
R001432,E0100,EV_001,2025-11-03,2025-12-03,completed,100,78,,hr
R001433,E0102,EV_001,2025-11-03,2025-12-03,completed,100,76,,hr
R001434,E0103,EV_001,2025-11-03,2025-12-03,completed,100,100,,hr
R001435,E0105,EV_001,2025-11-03,2025-12-03,completed,100,80,,hr
R001436,E0106,EV_001,2025-11-03,2025-12-03,completed,100,73,,hr
R001437,E0107,EV_001,2025-11-03,2025-12-03,completed,100,98,,hr
R001438,E0108,EV_001,2025-11-03,2025-12-03,overdue,25,,,hr
R001439,E0109,EV_001,2025-11-03,2025-12-03,completed,100,73,,hr
R001440,E0111,EV_001,2025-11-03,2025-12-03,completed,100,75,,hr
R001441,E0112,EV_001,2025-11-03,2025-12-03,completed,100,83,,hr
R001442,E0113,EV_001,2025-11-03,2025-12-03,completed,100,88,,hr
R001443,E0114,EV_001,2025-11-03,2025-12-03,completed,100,85,,hr
R001444,E0115,EV_001,2025-11-03,2025-12-03,completed,100,73,,hr
R001445,E0116,EV_001,2025-11-03,2025-12-03,completed,100,98,,hr
R001446,E0118,EV_001,2025-11-03,2025-12-03,completed,100,97,,hr
R001447,E0120,EV_001,2025-11-03,2025-12-03,completed,100,79,,hr
R001448,E0122,EV_001,2025-11-03,2025-12-03,completed,100,96,,hr
R001449,E0123,EV_001,2025-11-03,2025-12-03,completed,100,75,,hr
R001450,E0124,EV_001,2025-11-03,2025-12-03,completed,100,80,,hr
R001451,E0127,EV_001,2025-11-03,2025-12-03,completed,100,77,,hr
R001452,E0128,EV_001,2025-11-03,2025-12-03,completed,100,81,,hr
R001453,E0130,EV_001,2025-11-03,2025-12-03,completed,100,89,,hr
R001454,E0131,EV_001,2025-11-03,2025-12-03,completed,100,73,,hr
R001455,E0132,EV_001,2025-11-03,2025-12-03,completed,100,77,,hr
R001456,E0133,EV_001,2025-11-03,2025-12-03,completed,100,77,,hr
R001457,E0134,EV_001,2025-11-03,2025-12-03,completed,100,89,,hr
R001458,E0136,EV_001,2025-11-03,2025-12-03,completed,100,79,,hr
R001459,E0137,EV_001,2025-11-03,2025-12-03,completed,100,74,,hr
R001460,E0138,EV_001,2025-11-03,2025-12-03,overdue,10,,,hr
R001461,E0139,EV_001,2025-11-03,2025-12-03,completed,100,90,,hr
R001462,E0140,EV_001,2025-11-03,2025-12-03,completed,100,79,,hr
R001463,E0143,EV_001,2025-11-03,2025-12-03,completed,100,71,,hr
R001464,E0144,EV_001,2025-11-03,2025-12-03,completed,100,84,,hr
R001465,E0145,EV_001,2025-11-03,2025-12-03,completed,100,94,,hr
R001466,E0147,EV_001,2025-11-03,2025-12-03,completed,100,98,,hr
R001467,E0148,EV_001,2025-11-03,2025-12-03,completed,100,94,,hr
R001468,E0149,EV_001,2025-11-03,2025-12-03,overdue,0,,,hr
R001469,E0150,EV_001,2025-11-03,2025-12-03,overdue,10,,,hr
R001470,E0153,EV_001,2025-11-03,2025-12-03,completed,100,77,,hr
R001471,E0154,EV_001,2025-11-03,2025-12-03,overdue,0,,,hr
R001472,E0155,EV_001,2025-11-03,2025-12-03,overdue,0,,,hr
R001473,E0157,EV_004,2025-11-03,2025-11-12,completed,100,,,hr
R001474,E0158,EV_001,2025-11-03,2025-12-03,overdue,0,,,hr
R001475,E0160,EV_001,2025-11-03,2025-12-03,completed,100,71,,hr
R001476,E0161,EV_001,2025-11-03,2025-12-03,overdue,0,,,hr
R001477,E0162,EV_001,2025-11-03,2025-12-03,completed,100,74,,hr
R001478,E0163,EV_001,2025-11-03,2025-12-03,overdue,10,,,hr
R001479,E0164,EV_001,2025-11-03,2025-12-03,completed,100,83,,hr
R001480,E0165,EV_001,2025-11-03,2025-12-03,completed,100,86,,hr
R001481,E0166,EV_001,2025-11-03,2025-12-03,completed,100,91,,hr
R001482,E0168,EV_001,2025-11-03,2025-12-03,completed,100,97,,hr
R001483,E0169,EV_001,2025-11-03,2025-12-03,completed,100,71,,hr
R001484,E0170,EV_001,2025-11-03,2025-12-03,completed,100,81,,hr
R001485,E0171,EV_001,2025-11-03,2025-12-03,completed,100,76,,hr
R001486,E0172,EV_001,2025-11-03,2025-12-03,completed,100,87,,hr
R001487,E0173,EV_001,2025-11-03,2025-12-03,completed,100,92,,hr
R001488,E0175,EV_001,2025-11-03,2025-12-03,completed,100,98,,hr
R001489,E0176,EV_001,2025-11-03,2025-12-03,completed,100,93,,hr
R001490,E0177,EV_001,2025-11-03,2025-12-03,completed,100,98,,hr
R001491,E0179,EV_001,2025-11-03,2025-12-03,completed,100,86,,hr
R001492,E0180,EV_001,2025-11-03,2025-12-03,completed,100,100,,hr
R001493,E0181,EV_001,2025-11-03,2025-12-03,completed,100,73,,hr
R001494,E0182,EV_001,2025-11-03,2025-12-03,completed,100,76,,hr
R001495,E0184,EV_001,2025-11-03,2025-12-03,completed,100,85,,hr
R001496,E0185,EV_001,2025-11-03,2025-12-03,completed,100,83,,hr
R001497,E0186,EV_001,2025-11-03,2025-12-03,completed,100,70,,hr
R001498,E0187,EV_001,2025-11-03,2025-12-03,completed,100,74,,hr
R001499,E0188,EV_001,2025-11-03,2025-12-03,overdue,60,,,hr
R001500,E0189,EV_001,2025-11-03,2025-12-03,completed,100,74,,hr
R001501,E0190,EV_001,2025-11-03,2025-12-03,overdue,0,,,hr
R001502,E0191,EV_001,2025-11-03,2025-12-03,completed,100,73,,hr
R001503,E0192,EV_001,2025-11-03,2025-12-03,completed,100,100,,hr
R001504,E0193,EV_001,2025-11-03,2025-12-03,completed,100,90,,hr
R001505,E0194,EV_001,2025-11-03,2025-12-03,completed,100,75,,hr
R001506,E0195,EV_001,2025-11-03,2025-12-03,completed,100,89,,hr
R001507,E0196,EV_001,2025-11-03,2025-12-03,completed,100,88,,hr
R001508,E0197,EV_001,2025-11-03,2025-12-03,completed,100,80,,hr
R001509,E0198,EV_001,2025-11-03,2025-12-03,completed,100,92,,hr
R001510,E0199,EV_001,2025-11-03,2025-12-03,completed,100,70,,hr
R001511,E0029,EV_035,2025-11-04,,completed,100,64,3,self
R001512,E0081,EV_039,2025-11-04,,completed,100,,,manager
R001513,E0091,EV_009,2025-11-04,,completed,100,81,4,self
R001514,E0197,EV_037,2025-11-04,,dropped,70,,,self
R001515,E0008,EV_017,2025-11-05,,no_show,0,,,manager
R001516,E0032,EV_020,2025-11-05,,completed,100,97,4,self
R001517,E0182,EV_036,2025-11-05,,declined,0,,,hr
R001518,E0028,EV_010,2025-11-06,,dropped,60,,,manager
R001519,E0049,EV_001,2025-11-06,2025-12-06,completed,100,85,,hr
R001520,E0049,EV_002,2025-11-06,2025-12-06,overdue,25,,,hr
R001521,E0049,EV_003,2025-11-06,2025-12-06,completed,100,87,,hr
R001522,E0077,EV_034,2025-11-06,,completed,100,,,self
R001523,E0005,EV_012,2025-11-07,,completed,100,100,,manager
R001524,E0018,EV_040,2025-11-07,,completed,100,,,manager
R001525,E0044,EV_040,2025-11-07,,no_show,0,,,self
R001526,E0187,EV_023,2025-11-07,,completed,100,,5,manager
R001527,E0127,EV_036,2025-11-10,,completed,100,,,manager
R001528,E0155,EV_006,2025-11-10,,completed,100,,,self
R001529,E0070,EV_038,2025-11-11,,completed,100,74,4,self
R001530,E0139,EV_034,2025-11-11,,no_show,0,,,self
R001531,E0043,EV_015,2025-11-12,,completed,100,85,5,manager
R001532,E0046,EV_034,2025-11-12,,completed,100,,5,self
R001533,E0098,EV_019,2025-11-12,,completed,100,,,manager
R001534,E0112,EV_034,2025-11-12,,declined,0,,,manager
R001535,E0188,EV_008,2025-11-12,,completed,100,,1,self
R001536,E0044,EV_038,2025-11-13,,completed,100,83,,self
R001537,E0049,EV_004,2025-11-13,2025-12-03,completed,100,,5,hr
R001538,E0059,EV_034,2025-11-13,,completed,100,,4,self
R001539,E0067,EV_014,2025-11-13,,completed,100,,5,self
R001540,E0026,EV_007,2025-11-14,,declined,0,,,manager
R001541,E0165,EV_036,2025-11-14,,completed,100,,5,self
R001542,E0199,EV_022,2025-11-17,,completed,100,66,3,self
R001543,E0035,EV_008,2025-11-18,,completed,100,,,self
R001544,E0040,EV_012,2025-11-18,,completed,100,80,,self
R001545,E0055,EV_008,2025-11-18,,completed,100,,5,self
R001546,E0075,EV_017,2025-11-18,,dropped,20,,2,manager
R001547,E0095,EV_008,2025-11-18,,completed,100,,5,self
R001548,E0142,EV_037,2025-11-18,,completed,100,,5,self
R001549,E0014,EV_039,2025-11-19,,completed,100,,5,self
R001550,E0092,EV_037,2025-11-19,,no_show,0,,,manager
R001551,E0118,EV_005,2025-11-19,,dropped,35,,,hr
R001552,E0158,EV_032,2025-11-19,,completed,100,,4,manager
R001553,E0197,EV_009,2025-11-19,,completed,100,91,3,self
R001554,E0085,EV_036,2025-11-20,,completed,100,,5,self
R001555,E0161,EV_008,2025-11-20,,dropped,70,,2,self
R001556,E0107,EV_023,2025-11-21,,completed,100,,4,self
R001557,E0167,EV_001,2025-11-21,2025-12-21,completed,100,93,,hr
R001558,E0167,EV_002,2025-11-21,2025-12-21,completed,100,87,,hr
R001559,E0167,EV_003,2025-11-21,2025-12-21,completed,100,81,,hr
R001560,E0017,EV_040,2025-11-24,,completed,100,,5,self
R001561,E0026,EV_011,2025-11-24,,completed,100,,5,self
R001562,E0054,EV_024,2025-11-24,,completed,100,80,4,manager
R001563,E0068,EV_015,2025-11-24,,completed,100,60,5,manager
R001564,E0173,EV_031,2025-11-24,,completed,100,,5,manager
R001565,E0021,EV_040,2025-11-25,,no_show,0,,,manager
R001566,E0145,EV_019,2025-11-25,,dropped,60,,3,manager
R001567,E0026,EV_038,2025-11-26,,completed,100,92,4,hr
R001568,E0061,EV_024,2025-11-26,,completed,100,90,3,manager
R001569,E0046,EV_008,2025-11-27,,completed,100,,5,self
R001570,E0188,EV_021,2025-11-27,,completed,100,,5,hr
R001571,E0199,EV_021,2025-11-28,,no_show,0,,,self
R001572,E0009,EV_001,2025-12-01,2025-12-31,completed,100,94,,hr
R001573,E0009,EV_002,2025-12-01,2025-12-31,overdue,0,,,hr
R001574,E0009,EV_003,2025-12-01,2025-12-31,completed,100,83,,hr
R001575,E0011,EV_039,2025-12-01,,completed,100,,,self
R001576,E0104,EV_001,2025-12-01,2025-12-31,completed,100,93,,hr
R001577,E0104,EV_002,2025-12-01,2025-12-31,completed,100,84,,hr
R001578,E0104,EV_003,2025-12-01,2025-12-31,completed,100,97,,hr
R001579,E0141,EV_001,2025-12-01,2025-12-31,completed,100,72,,hr
R001580,E0141,EV_002,2025-12-01,2025-12-31,completed,100,71,,hr
R001581,E0141,EV_003,2025-12-01,2025-12-31,completed,100,84,,hr
R001582,E0173,EV_030,2025-12-01,,completed,100,,4,self
R001583,E0091,EV_008,2025-12-02,,completed,100,,,self
R001584,E0151,EV_036,2025-12-02,,no_show,0,,,manager
R001585,E0019,EV_036,2025-12-03,,completed,100,,5,self
R001586,E0026,EV_007,2025-12-03,,declined,0,,,manager
R001587,E0065,EV_009,2025-12-03,,completed,100,65,,manager
R001588,E0086,EV_040,2025-12-03,,completed,100,,4,manager
R001589,E0109,EV_016,2025-12-03,,completed,100,,,self
R001590,E0189,EV_037,2025-12-03,,dropped,35,,1,manager
R001591,E0010,EV_008,2025-12-04,,completed,100,,4,self
R001592,E0038,EV_036,2025-12-04,,completed,100,,3,self
R001593,E0089,EV_001,2025-12-04,2026-01-03,completed,100,94,,hr
R001594,E0089,EV_002,2025-12-04,2026-01-03,completed,100,91,,hr
R001595,E0089,EV_003,2025-12-04,2026-01-03,completed,100,94,,hr
R001596,E0158,EV_039,2025-12-04,,completed,100,,,hr
R001597,E0160,EV_036,2025-12-04,,declined,0,,,manager
R001598,E0009,EV_004,2025-12-05,2025-12-27,completed,100,,,hr
R001599,E0046,EV_032,2025-12-05,,completed,100,,4,self
R001600,E0139,EV_035,2025-12-05,,completed,100,99,,self
R001601,E0193,EV_021,2025-12-05,,completed,100,,,manager
R001602,E0196,EV_008,2025-12-05,,completed,100,,,manager
R001603,E0010,EV_040,2025-12-08,,completed,100,,,self
R001604,E0017,EV_020,2025-12-08,,completed,100,72,3,self
R001605,E0019,EV_036,2025-12-09,,completed,100,,,self
R001606,E0023,EV_011,2025-12-09,,completed,100,,2,self
R001607,E0051,EV_039,2025-12-09,,completed,100,,4,self
R001608,E0097,EV_006,2025-12-09,,declined,0,,,manager
R001609,E0018,EV_034,2025-12-10,,completed,100,,5,self
R001610,E0069,EV_019,2025-12-10,,dropped,60,,,self
R001611,E0074,EV_026,2025-12-10,,completed,100,,,self
R001612,E0115,EV_008,2025-12-10,,no_show,0,,,manager
R001613,E0167,EV_004,2025-12-10,2025-12-18,completed,100,,,hr
R001614,E0026,EV_009,2025-12-11,,dropped,90,,,manager
R001615,E0054,EV_025,2025-12-11,,no_show,0,,,manager
R001616,E0079,EV_036,2025-12-11,,completed,100,,3,manager
R001617,E0112,EV_034,2025-12-11,,completed,100,,3,hr
R001618,E0140,EV_006,2025-12-11,,completed,100,,4,manager
R001619,E0172,EV_031,2025-12-11,,completed,100,,1,self
R001620,E0198,EV_039,2025-12-11,,completed,100,,4,self
R001621,E0054,EV_036,2025-12-12,,completed,100,,5,self
R001622,E0065,EV_037,2025-12-15,,completed,100,,4,self
R001623,E0067,EV_005,2025-12-15,,completed,100,88,3,manager
R001624,E0092,EV_012,2025-12-15,,dropped,70,,,manager
R001625,E0112,EV_040,2025-12-15,,completed,100,,4,self
R001626,E0045,EV_032,2025-12-16,,completed,100,,3,hr
R001627,E0047,EV_007,2025-12-16,,no_show,0,,,self
R001628,E0092,EV_006,2025-12-16,,completed,100,,,self
R001629,E0147,EV_037,2025-12-16,,completed,100,,5,self
R001630,E0192,EV_005,2025-12-16,,completed,100,83,2,self
R001631,E0077,EV_030,2025-12-17,,completed,100,,5,self
R001632,E0053,EV_040,2025-12-18,,no_show,0,,,self
R001633,E0080,EV_020,2025-12-18,,dropped,10,,,self
R001634,E0099,EV_039,2025-12-18,,declined,0,,,manager
R001635,E0104,EV_004,2025-12-18,2025-12-28,completed,100,,5,hr
R001636,E0111,EV_018,2025-12-18,,completed,100,86,4,self
R001637,E0149,EV_036,2025-12-18,,completed,100,,,self
R001638,E0167,EV_030,2025-12-18,,completed,100,,,manager
R001639,E0171,EV_037,2025-12-18,,completed,100,,,self
R001640,E0152,EV_001,2025-12-19,2026-01-18,completed,100,89,,hr
R001641,E0152,EV_002,2025-12-19,2026-01-18,completed,100,77,,hr
R001642,E0152,EV_003,2025-12-19,2026-01-18,completed,100,72,,hr
R001643,E0017,EV_036,2025-12-22,,completed,100,,,self
R001644,E0046,EV_036,2025-12-22,,completed,100,,2,hr
R001645,E0053,EV_005,2025-12-22,,no_show,0,,,self
R001646,E0089,EV_004,2025-12-22,2025-12-31,completed,100,,3,hr
R001647,E0141,EV_004,2025-12-22,2025-12-27,completed,100,,,hr
R001648,E0158,EV_036,2025-12-22,,completed,100,,,hr
R001649,E0182,EV_040,2025-12-22,,completed,100,,,self
R001650,E0047,EV_007,2025-12-23,,dropped,80,,2,self
R001651,E0067,EV_015,2025-12-23,,completed,100,76,5,manager
R001652,E0097,EV_036,2025-12-24,,declined,0,,,manager
R001653,E0160,EV_036,2025-12-24,,completed,100,,,self
R001654,E0021,EV_037,2025-12-25,,no_show,0,,,hr
R001655,E0028,EV_012,2025-12-25,,completed,100,87,,manager
R001656,E0057,EV_040,2025-12-25,,completed,100,,4,self
R001657,E0113,EV_036,2025-12-25,,completed,100,,,self
R001658,E0178,EV_001,2025-12-25,2026-01-24,overdue,40,,,hr
R001659,E0178,EV_002,2025-12-25,2026-01-24,completed,100,85,,hr
R001660,E0178,EV_003,2025-12-25,2026-01-24,completed,100,85,,hr
R001661,E0016,EV_001,2025-12-26,2026-01-25,overdue,0,,,hr
R001662,E0016,EV_002,2025-12-26,2026-01-25,overdue,0,,,hr
R001663,E0016,EV_003,2025-12-26,2026-01-25,completed,100,73,,hr
R001664,E0022,EV_001,2025-12-26,2026-01-25,overdue,0,,,hr
R001665,E0022,EV_002,2025-12-26,2026-01-25,completed,100,70,,hr
R001666,E0022,EV_003,2025-12-26,2026-01-25,completed,100,70,,hr
R001667,E0063,EV_019,2025-12-26,,completed,100,,4,manager
R001668,E0095,EV_028,2025-12-26,,completed,100,,3,manager
R001669,E0148,EV_037,2025-12-26,,completed,100,,4,hr
R001670,E0170,EV_016,2025-12-26,,completed,100,,5,self
R001671,E0183,EV_014,2025-12-26,,completed,100,,5,self
R001672,E0192,EV_036,2025-12-26,,no_show,0,,,self
R001673,E0083,EV_039,2025-12-29,,completed,100,,,self
R001674,E0152,EV_004,2025-12-29,2026-01-15,completed,100,,2,hr
R001675,E0175,EV_038,2025-12-29,,dropped,60,,,manager
R001676,E0157,EV_018,2025-12-30,,completed,100,92,5,self
R001677,E0160,EV_036,2025-12-30,,no_show,0,,,hr
R001678,E0041,EV_037,2025-12-31,,completed,100,,5,self
R001679,E0053,EV_040,2025-12-31,,no_show,0,,,self
R001680,E0099,EV_039,2025-12-31,,completed,100,,,self
R001681,E0051,EV_033,2026-01-01,,completed,100,73,5,self
R001682,E0093,EV_008,2026-01-01,,completed,100,,5,manager
R001683,E0124,EV_040,2026-01-01,,completed,100,,,self
R001684,E0165,EV_036,2026-01-01,,completed,100,,4,self
R001685,E0183,EV_008,2026-01-01,,completed,100,,5,self
R001686,E0193,EV_040,2026-01-01,,completed,100,,4,self
R001687,E0006,EV_011,2026-01-02,,dropped,40,,,hr
R001688,E0022,EV_004,2026-01-05,2026-01-22,completed,100,,5,hr
R001689,E0026,EV_006,2026-01-05,,completed,100,,5,manager
R001690,E0034,EV_040,2026-01-05,,completed,100,,,manager
R001691,E0036,EV_040,2026-01-05,,no_show,0,,,hr
R001692,E0097,EV_019,2026-01-05,,completed,100,,,hr
R001693,E0154,EV_009,2026-01-05,,completed,100,64,3,hr
R001694,E0164,EV_025,2026-01-05,,completed,100,79,5,self
R001695,E0097,EV_039,2026-01-06,,no_show,0,,,self
R001696,E0111,EV_039,2026-01-06,,completed,100,,,manager
R001697,E0065,EV_008,2026-01-07,,completed,100,,,self
R001698,E0082,EV_036,2026-01-07,,no_show,0,,,self
R001699,E0083,EV_038,2026-01-07,,completed,100,61,,self
R001700,E0170,EV_014,2026-01-07,,completed,100,,5,self
R001701,E0091,EV_040,2026-01-08,,completed,100,,3,self
R001702,E0200,EV_008,2026-01-08,,completed,100,,5,self
R001703,E0072,EV_037,2026-01-09,,dropped,75,,,self
R001704,E0105,EV_039,2026-01-09,,completed,100,,4,self
R001705,E0112,EV_036,2026-01-09,,declined,0,,,manager
R001706,E0016,EV_004,2026-01-12,2026-01-22,completed,100,,5,hr
R001707,E0002,EV_010,2026-01-13,,dropped,70,,,manager
R001708,E0027,EV_031,2026-01-13,,completed,100,,5,manager
R001709,E0041,EV_036,2026-01-13,,completed,100,,3,self
R001710,E0047,EV_007,2026-01-13,,dropped,75,,1,self
R001711,E0080,EV_020,2026-01-13,,declined,0,,,hr
R001712,E0149,EV_008,2026-01-13,,completed,100,,5,self
R001713,E0164,EV_012,2026-01-13,,completed,100,75,4,self
R001714,E0189,EV_011,2026-01-13,,completed,100,,,self
R001715,E0194,EV_039,2026-01-13,,completed,100,,3,self
R001716,E0114,EV_039,2026-01-14,,completed,100,,,hr
R001717,E0178,EV_004,2026-01-14,2026-01-21,completed,100,,4,hr
R001718,E0021,EV_037,2026-01-15,,completed,100,,3,self
R001719,E0025,EV_040,2026-01-15,,declined,0,,,manager
R001720,E0090,EV_036,2026-01-15,,completed,100,,4,self
R001721,E0195,EV_020,2026-01-15,,dropped,35,,2,hr
R001722,E0171,EV_039,2026-01-16,,completed,100,,4,manager
R001723,E0177,EV_034,2026-01-16,,dropped,65,,2,manager
R001724,E0184,EV_009,2026-01-16,,dropped,45,,3,self
R001725,E0187,EV_022,2026-01-16,,completed,100,83,3,self
R001726,E0030,EV_035,2026-01-19,,completed,100,84,,self
R001727,E0049,EV_039,2026-01-19,,completed,100,,,self
R001728,E0129,EV_001,2026-01-19,2026-02-18,overdue,60,,,hr
R001729,E0129,EV_002,2026-01-19,2026-02-18,completed,100,77,,hr
R001730,E0129,EV_003,2026-01-19,2026-02-18,completed,100,75,,hr
R001731,E0140,EV_012,2026-01-19,,dropped,45,,,manager
R001732,E0151,EV_034,2026-01-19,,completed,100,,3,self
R001733,E0181,EV_038,2026-01-19,,no_show,0,,,manager
R001734,E0121,EV_023,2026-01-20,,completed,100,,2,self
R001735,E0164,EV_005,2026-01-20,,completed,100,84,5,self
R001736,E0197,EV_037,2026-01-20,,completed,100,,2,manager
R001737,E0046,EV_036,2026-01-21,,no_show,0,,,manager
R001738,E0093,EV_036,2026-01-21,,completed,100,,4,self
R001739,E0150,EV_037,2026-01-21,,completed,100,,4,self
R001740,E0151,EV_008,2026-01-21,,completed,100,,4,self
R001741,E0044,EV_040,2026-01-22,,completed,100,,5,self
R001742,E0060,EV_038,2026-01-22,,completed,100,88,5,self
R001743,E0173,EV_040,2026-01-22,,completed,100,,,self
R001744,E0048,EV_012,2026-01-23,,completed,100,71,,hr
R001745,E0054,EV_009,2026-01-23,,dropped,65,,,self
R001746,E0156,EV_001,2026-01-23,2026-02-22,overdue,60,,,hr
R001747,E0156,EV_002,2026-01-23,2026-02-22,overdue,60,,,hr
R001748,E0156,EV_003,2026-01-23,2026-02-22,completed,100,86,,hr
R001749,E0059,EV_036,2026-01-26,,no_show,0,,,self
R001750,E0133,EV_034,2026-01-26,,completed,100,,3,manager
R001751,E0143,EV_040,2026-01-26,,no_show,0,,,self
R001752,E0161,EV_036,2026-01-27,,completed,100,,4,hr
R001753,E0011,EV_025,2026-01-28,,completed,100,62,5,self
R001754,E0085,EV_037,2026-01-28,,completed,100,,,hr
R001755,E0128,EV_038,2026-01-28,,completed,100,74,5,hr
R001756,E0145,EV_008,2026-01-28,,completed,100,,1,manager
R001757,E0154,EV_013,2026-01-28,,completed,100,83,4,self
R001758,E0162,EV_036,2026-01-28,,completed,100,,4,manager
R001759,E0029,EV_008,2026-01-29,,completed,100,,5,manager
R001760,E0106,EV_039,2026-01-29,,declined,0,,,hr
R001761,E0139,EV_038,2026-01-29,,declined,0,,,manager
R001762,E0166,EV_036,2026-01-29,,completed,100,,3,self
R001763,E0181,EV_037,2026-01-29,,dropped,10,,,manager
R001764,E0005,EV_005,2026-01-30,,no_show,0,,,hr
R001765,E0074,EV_020,2026-01-30,,completed,100,63,3,hr
R001766,E0112,EV_036,2026-01-30,,completed,100,,5,self
R001767,E0170,EV_037,2026-01-30,,declined,0,,,hr
R001768,E0007,EV_009,2026-02-02,,completed,100,79,2,hr
R001769,E0011,EV_023,2026-02-02,,no_show,0,,,manager
R001770,E0086,EV_034,2026-02-02,,completed,100,,5,self
R001771,E0158,EV_037,2026-02-02,,completed,100,,,self
R001772,E0173,EV_034,2026-02-02,,declined,0,,,manager
R001773,E0185,EV_034,2026-02-02,,completed,100,,5,self
R001774,E0197,EV_039,2026-02-02,,completed,100,,3,self
R001775,E0052,EV_028,2026-02-03,,completed,100,,3,manager
R001776,E0079,EV_036,2026-02-03,,completed,100,,5,manager
R001777,E0156,EV_004,2026-02-03,2026-02-19,completed,100,,,hr
R001778,E0049,EV_036,2026-02-04,,completed,100,,,manager
R001779,E0052,EV_034,2026-02-04,,completed,100,,4,self
R001780,E0165,EV_036,2026-02-04,,completed,100,,,self
R001781,E0107,EV_040,2026-02-05,,declined,0,,,manager
R001782,E0124,EV_020,2026-02-05,,completed,100,70,,manager
R001783,E0065,EV_039,2026-02-06,,completed,100,,5,manager
R001784,E0065,EV_036,2026-02-09,,no_show,0,,,manager
R001785,E0073,EV_023,2026-02-09,,completed,100,,5,manager
R001786,E0086,EV_035,2026-02-09,,completed,100,68,5,self
R001787,E0129,EV_004,2026-02-09,2026-02-13,completed,100,,2,hr
R001788,E0136,EV_006,2026-02-09,,completed,100,,,self
R001789,E0144,EV_036,2026-02-09,,completed,100,,4,self
R001790,E0022,EV_008,2026-02-10,,dropped,80,,2,self
R001791,E0073,EV_020,2026-02-10,,declined,0,,,hr
R001792,E0107,EV_022,2026-02-10,,completed,100,70,4,self
R001793,E0143,EV_008,2026-02-10,,completed,100,,3,manager
R001794,E0179,EV_009,2026-02-10,,completed,100,73,3,self
R001795,E0189,EV_039,2026-02-10,,completed,100,,1,self
R001796,E0050,EV_006,2026-02-11,,completed,100,,5,self
R001797,E0095,EV_031,2026-02-11,,no_show,0,,,manager
R001798,E0141,EV_016,2026-02-11,,completed,100,,4,hr
R001799,E0193,EV_036,2026-02-11,,declined,0,,,hr
R001800,E0115,EV_015,2026-02-12,,completed,100,82,5,manager
R001801,E0004,EV_024,2026-02-13,,completed,100,60,2,self
R001802,E0047,EV_008,2026-02-13,,declined,0,,,manager
R001803,E0172,EV_029,2026-02-13,,completed,100,70,5,manager
R001804,E0002,EV_010,2026-02-16,,completed,100,63,2,self
R001805,E0020,EV_026,2026-02-16,,completed,100,,4,self
R001806,E0043,EV_040,2026-02-16,,completed,100,,4,self
R001807,E0100,EV_027,2026-02-16,,dropped,70,,,hr
R001808,E0129,EV_036,2026-02-16,,completed,100,,4,manager
R001809,E0144,EV_036,2026-02-16,,completed,100,,4,manager
R001810,E0160,EV_036,2026-02-16,,no_show,0,,,self
R001811,E0167,EV_008,2026-02-17,,completed,100,,,self
R001812,E0194,EV_017,2026-02-17,,completed,100,87,5,self
R001813,E0011,EV_023,2026-02-18,,completed,100,,4,self
R001814,E0012,EV_036,2026-02-18,,completed,100,,5,self
R001815,E0021,EV_034,2026-02-18,,completed,100,,5,self
R001816,E0185,EV_040,2026-02-18,,completed,100,,5,self
R001817,E0193,EV_020,2026-02-18,,dropped,65,,2,self
R001818,E0015,EV_013,2026-02-19,,completed,100,61,5,self
R001819,E0025,EV_040,2026-02-19,,completed,100,,4,self
R001820,E0042,EV_016,2026-02-19,,completed,100,,4,self
R001821,E0141,EV_017,2026-02-19,,completed,100,73,4,self
R001822,E0187,EV_021,2026-02-19,,completed,100,,,self
R001823,E0018,EV_008,2026-02-20,,completed,100,,,self
R001824,E0026,EV_009,2026-02-20,,completed,100,81,4,self
R001825,E0163,EV_033,2026-02-23,,completed,100,65,5,self
R001826,E0017,EV_032,2026-02-24,,dropped,45,,3,self
R001827,E0124,EV_025,2026-02-24,,no_show,0,,,self
R001828,E0157,EV_036,2026-02-24,,no_show,0,,,manager
R001829,E0051,EV_036,2026-02-25,,declined,0,,,manager
R001830,E0107,EV_037,2026-02-25,,completed,100,,4,self
R001831,E0162,EV_012,2026-02-25,,completed,100,94,,self
R001832,E0198,EV_036,2026-02-25,,completed,100,,5,self
R001833,E0003,EV_035,2026-02-26,,completed,100,76,,self
R001834,E0041,EV_038,2026-02-26,,completed,100,79,4,hr
R001835,E0165,EV_023,2026-02-26,,dropped,45,,3,self
R001836,E0029,EV_037,2026-02-27,,dropped,85,,2,manager
R001837,E0062,EV_036,2026-02-27,,no_show,0,,,self
R001838,E0002,EV_002,2026-03-02,2026-04-01,overdue,60,,,hr
R001839,E0003,EV_002,2026-03-02,2026-04-01,completed,100,99,,hr
R001840,E0004,EV_002,2026-03-02,2026-04-01,completed,100,71,,hr
R001841,E0005,EV_002,2026-03-02,2026-04-01,completed,100,97,,hr
R001842,E0006,EV_002,2026-03-02,2026-04-01,overdue,10,,,hr
R001843,E0007,EV_002,2026-03-02,2026-04-01,completed,100,86,,hr
R001844,E0008,EV_002,2026-03-02,2026-04-01,completed,100,89,,hr
R001845,E0010,EV_002,2026-03-02,2026-04-01,completed,100,88,,hr
R001846,E0011,EV_002,2026-03-02,2026-04-01,overdue,40,,,hr
R001847,E0012,EV_002,2026-03-02,2026-04-01,completed,100,91,,hr
R001848,E0013,EV_002,2026-03-02,2026-04-01,completed,100,93,,hr
R001849,E0014,EV_002,2026-03-02,2026-04-01,completed,100,71,,hr
R001850,E0015,EV_002,2026-03-02,2026-04-01,completed,100,96,,hr
R001851,E0017,EV_002,2026-03-02,2026-04-01,completed,100,90,,hr
R001852,E0018,EV_002,2026-03-02,2026-04-01,overdue,10,,,hr
R001853,E0019,EV_002,2026-03-02,2026-04-01,overdue,40,,,hr
R001854,E0020,EV_002,2026-03-02,2026-04-01,completed,100,82,,hr
R001855,E0021,EV_002,2026-03-02,2026-04-01,completed,100,92,,hr
R001856,E0023,EV_002,2026-03-02,2026-04-01,completed,100,89,,hr
R001857,E0025,EV_002,2026-03-02,2026-04-01,completed,100,82,,hr
R001858,E0026,EV_002,2026-03-02,2026-04-01,completed,100,73,,hr
R001859,E0027,EV_002,2026-03-02,2026-04-01,completed,100,71,,hr
R001860,E0028,EV_002,2026-03-02,2026-04-01,completed,100,98,,hr
R001861,E0028,EV_011,2026-03-02,,completed,100,,4,self
R001862,E0029,EV_002,2026-03-02,2026-04-01,completed,100,70,,hr
R001863,E0030,EV_002,2026-03-02,2026-04-01,completed,100,73,,hr
R001864,E0031,EV_002,2026-03-02,2026-04-01,completed,100,79,,hr
R001865,E0032,EV_002,2026-03-02,2026-04-01,completed,100,91,,hr
R001866,E0033,EV_002,2026-03-02,2026-04-01,completed,100,88,,hr
R001867,E0034,EV_002,2026-03-02,2026-04-01,completed,100,71,,hr
R001868,E0035,EV_002,2026-03-02,2026-04-01,completed,100,71,,hr
R001869,E0036,EV_002,2026-03-02,2026-04-01,completed,100,99,,hr
R001870,E0037,EV_002,2026-03-02,2026-04-01,completed,100,99,,hr
R001871,E0038,EV_002,2026-03-02,2026-04-01,completed,100,97,,hr
R001872,E0039,EV_002,2026-03-02,2026-04-01,overdue,60,,,hr
R001873,E0040,EV_002,2026-03-02,2026-04-01,completed,100,79,,hr
R001874,E0041,EV_002,2026-03-02,2026-04-01,completed,100,87,,hr
R001875,E0042,EV_002,2026-03-02,2026-04-01,completed,100,88,,hr
R001876,E0043,EV_002,2026-03-02,2026-04-01,completed,100,85,,hr
R001877,E0043,EV_005,2026-03-02,,completed,100,80,3,manager
R001878,E0044,EV_002,2026-03-02,2026-04-01,overdue,25,,,hr
R001879,E0045,EV_002,2026-03-02,2026-04-01,completed,100,75,,hr
R001880,E0046,EV_002,2026-03-02,2026-04-01,completed,100,72,,hr
R001881,E0047,EV_002,2026-03-02,2026-04-01,completed,100,78,,hr
R001882,E0048,EV_002,2026-03-02,2026-04-01,completed,100,75,,hr
R001883,E0050,EV_002,2026-03-02,2026-04-01,overdue,10,,,hr
R001884,E0051,EV_002,2026-03-02,2026-04-01,completed,100,97,,hr
R001885,E0052,EV_002,2026-03-02,2026-04-01,overdue,60,,,hr
R001886,E0053,EV_002,2026-03-02,2026-04-01,completed,100,100,,hr
R001887,E0054,EV_002,2026-03-02,2026-04-01,completed,100,83,,hr
R001888,E0055,EV_002,2026-03-02,2026-04-01,completed,100,100,,hr
R001889,E0056,EV_002,2026-03-02,2026-04-01,completed,100,78,,hr
R001890,E0057,EV_002,2026-03-02,2026-04-01,completed,100,73,,hr
R001891,E0059,EV_002,2026-03-02,2026-04-01,overdue,40,,,hr
R001892,E0060,EV_002,2026-03-02,2026-04-01,completed,100,95,,hr
R001893,E0061,EV_002,2026-03-02,2026-04-01,completed,100,93,,hr
R001894,E0062,EV_002,2026-03-02,2026-04-01,overdue,0,,,hr
R001895,E0063,EV_002,2026-03-02,2026-04-01,completed,100,74,,hr
R001896,E0064,EV_002,2026-03-02,2026-04-01,completed,100,91,,hr
R001897,E0065,EV_002,2026-03-02,2026-04-01,completed,100,81,,hr
R001898,E0066,EV_002,2026-03-02,2026-04-01,completed,100,80,,hr
R001899,E0067,EV_002,2026-03-02,2026-04-01,overdue,0,,,hr
R001900,E0068,EV_002,2026-03-02,2026-04-01,overdue,0,,,hr
R001901,E0069,EV_002,2026-03-02,2026-04-01,completed,100,89,,hr
R001902,E0070,EV_002,2026-03-02,2026-04-01,completed,100,82,,hr
R001903,E0071,EV_002,2026-03-02,2026-04-01,completed,100,92,,hr
R001904,E0072,EV_002,2026-03-02,2026-04-01,completed,100,97,,hr
R001905,E0073,EV_002,2026-03-02,2026-04-01,overdue,40,,,hr
R001906,E0074,EV_002,2026-03-02,2026-04-01,completed,100,76,,hr
R001907,E0075,EV_002,2026-03-02,2026-04-01,overdue,10,,,hr
R001908,E0077,EV_002,2026-03-02,2026-04-01,completed,100,89,,hr
R001909,E0078,EV_002,2026-03-02,2026-04-01,completed,100,78,,hr
R001910,E0079,EV_002,2026-03-02,2026-04-01,overdue,0,,,hr
R001911,E0080,EV_002,2026-03-02,2026-04-01,completed,100,91,,hr
R001912,E0081,EV_002,2026-03-02,2026-04-01,completed,100,90,,hr
R001913,E0082,EV_002,2026-03-02,2026-04-01,completed,100,82,,hr
R001914,E0083,EV_002,2026-03-02,2026-04-01,completed,100,89,,hr
R001915,E0085,EV_002,2026-03-02,2026-04-01,completed,100,87,,hr
R001916,E0086,EV_002,2026-03-02,2026-04-01,completed,100,92,,hr
R001917,E0087,EV_002,2026-03-02,2026-04-01,completed,100,98,,hr
R001918,E0088,EV_002,2026-03-02,2026-04-01,completed,100,86,,hr
R001919,E0090,EV_002,2026-03-02,2026-04-01,completed,100,70,,hr
R001920,E0091,EV_002,2026-03-02,2026-04-01,completed,100,70,,hr
R001921,E0092,EV_002,2026-03-02,2026-04-01,completed,100,82,,hr
R001922,E0093,EV_002,2026-03-02,2026-04-01,overdue,60,,,hr
R001923,E0094,EV_002,2026-03-02,2026-04-01,completed,100,74,,hr
R001924,E0095,EV_002,2026-03-02,2026-04-01,completed,100,71,,hr
R001925,E0097,EV_002,2026-03-02,2026-04-01,completed,100,92,,hr
R001926,E0098,EV_002,2026-03-02,2026-04-01,completed,100,94,,hr
R001927,E0099,EV_002,2026-03-02,2026-04-01,completed,100,87,,hr
R001928,E0100,EV_002,2026-03-02,2026-04-01,completed,100,98,,hr
R001929,E0102,EV_002,2026-03-02,2026-04-01,completed,100,92,,hr
R001930,E0103,EV_002,2026-03-02,2026-04-01,overdue,0,,,hr
R001931,E0105,EV_002,2026-03-02,2026-04-01,completed,100,76,,hr
R001932,E0106,EV_002,2026-03-02,2026-04-01,completed,100,71,,hr
R001933,E0107,EV_002,2026-03-02,2026-04-01,completed,100,95,,hr
R001934,E0108,EV_002,2026-03-02,2026-04-01,completed,100,82,,hr
R001935,E0109,EV_002,2026-03-02,2026-04-01,completed,100,100,,hr
R001936,E0111,EV_002,2026-03-02,2026-04-01,completed,100,86,,hr
R001937,E0112,EV_002,2026-03-02,2026-04-01,completed,100,75,,hr
R001938,E0113,EV_002,2026-03-02,2026-04-01,overdue,60,,,hr
R001939,E0114,EV_002,2026-03-02,2026-04-01,completed,100,94,,hr
R001940,E0114,EV_008,2026-03-02,,completed,100,,1,self
R001941,E0115,EV_002,2026-03-02,2026-04-01,completed,100,99,,hr
R001942,E0116,EV_002,2026-03-02,2026-04-01,completed,100,93,,hr
R001943,E0118,EV_002,2026-03-02,2026-04-01,completed,100,82,,hr
R001944,E0120,EV_002,2026-03-02,2026-04-01,completed,100,77,,hr
R001945,E0121,EV_002,2026-03-02,2026-04-01,completed,100,77,,hr
R001946,E0122,EV_002,2026-03-02,2026-04-01,overdue,40,,,hr
R001947,E0123,EV_002,2026-03-02,2026-04-01,completed,100,94,,hr
R001948,E0124,EV_002,2026-03-02,2026-04-01,completed,100,90,,hr
R001949,E0125,EV_002,2026-03-02,2026-04-01,overdue,10,,,hr
R001950,E0127,EV_002,2026-03-02,2026-04-01,completed,100,78,,hr
R001951,E0128,EV_002,2026-03-02,2026-04-01,completed,100,89,,hr
R001952,E0130,EV_002,2026-03-02,2026-04-01,completed,100,96,,hr
R001953,E0131,EV_002,2026-03-02,2026-04-01,completed,100,81,,hr
R001954,E0132,EV_002,2026-03-02,2026-04-01,completed,100,86,,hr
R001955,E0133,EV_002,2026-03-02,2026-04-01,completed,100,90,,hr
R001956,E0134,EV_002,2026-03-02,2026-04-01,completed,100,86,,hr
R001957,E0136,EV_002,2026-03-02,2026-04-01,completed,100,89,,hr
R001958,E0137,EV_002,2026-03-02,2026-04-01,completed,100,70,,hr
R001959,E0138,EV_002,2026-03-02,2026-04-01,overdue,25,,,hr
R001960,E0139,EV_002,2026-03-02,2026-04-01,completed,100,71,,hr
R001961,E0140,EV_002,2026-03-02,2026-04-01,completed,100,98,,hr
R001962,E0142,EV_002,2026-03-02,2026-04-01,completed,100,98,,hr
R001963,E0143,EV_002,2026-03-02,2026-04-01,completed,100,70,,hr
R001964,E0144,EV_002,2026-03-02,2026-04-01,completed,100,74,,hr
R001965,E0145,EV_002,2026-03-02,2026-04-01,completed,100,73,,hr
R001966,E0147,EV_002,2026-03-02,2026-04-01,completed,100,93,,hr
R001967,E0148,EV_002,2026-03-02,2026-04-01,completed,100,93,,hr
R001968,E0149,EV_002,2026-03-02,2026-04-01,completed,100,88,,hr
R001969,E0150,EV_002,2026-03-02,2026-04-01,completed,100,99,,hr
R001970,E0151,EV_002,2026-03-02,2026-04-01,completed,100,81,,hr
R001971,E0153,EV_002,2026-03-02,2026-04-01,completed,100,89,,hr
R001972,E0154,EV_002,2026-03-02,2026-04-01,completed,100,71,,hr
R001973,E0155,EV_002,2026-03-02,2026-04-01,completed,100,93,,hr
R001974,E0157,EV_002,2026-03-02,2026-04-01,completed,100,94,,hr
R001975,E0158,EV_002,2026-03-02,2026-04-01,completed,100,78,,hr
R001976,E0160,EV_002,2026-03-02,2026-04-01,overdue,0,,,hr
R001977,E0161,EV_002,2026-03-02,2026-04-01,completed,100,99,,hr
R001978,E0162,EV_002,2026-03-02,2026-04-01,completed,100,76,,hr
R001979,E0163,EV_002,2026-03-02,2026-04-01,completed,100,81,,hr
R001980,E0164,EV_002,2026-03-02,2026-04-01,completed,100,78,,hr
R001981,E0165,EV_002,2026-03-02,2026-04-01,completed,100,94,,hr
R001982,E0165,EV_040,2026-03-02,,no_show,0,,,manager
R001983,E0166,EV_002,2026-03-02,2026-04-01,completed,100,79,,hr
R001984,E0168,EV_002,2026-03-02,2026-04-01,completed,100,75,,hr
R001985,E0169,EV_002,2026-03-02,2026-04-01,completed,100,77,,hr
R001986,E0170,EV_002,2026-03-02,2026-04-01,completed,100,95,,hr
R001987,E0171,EV_002,2026-03-02,2026-04-01,completed,100,87,,hr
R001988,E0172,EV_002,2026-03-02,2026-04-01,completed,100,82,,hr
R001989,E0173,EV_002,2026-03-02,2026-04-01,completed,100,79,,hr
R001990,E0175,EV_002,2026-03-02,2026-04-01,completed,100,74,,hr
R001991,E0176,EV_002,2026-03-02,2026-04-01,completed,100,91,,hr
R001992,E0177,EV_002,2026-03-02,2026-04-01,completed,100,89,,hr
R001993,E0179,EV_002,2026-03-02,2026-04-01,overdue,60,,,hr
R001994,E0180,EV_002,2026-03-02,2026-04-01,completed,100,82,,hr
R001995,E0181,EV_002,2026-03-02,2026-04-01,completed,100,88,,hr
R001996,E0182,EV_002,2026-03-02,2026-04-01,completed,100,99,,hr
R001997,E0183,EV_002,2026-03-02,2026-04-01,completed,100,70,,hr
R001998,E0184,EV_002,2026-03-02,2026-04-01,completed,100,70,,hr
R001999,E0185,EV_002,2026-03-02,2026-04-01,overdue,10,,,hr
R002000,E0186,EV_002,2026-03-02,2026-04-01,completed,100,71,,hr
R002001,E0187,EV_002,2026-03-02,2026-04-01,completed,100,91,,hr
R002002,E0188,EV_002,2026-03-02,2026-04-01,completed,100,77,,hr
R002003,E0189,EV_002,2026-03-02,2026-04-01,completed,100,97,,hr
R002004,E0190,EV_002,2026-03-02,2026-04-01,completed,100,100,,hr
R002005,E0191,EV_002,2026-03-02,2026-04-01,overdue,60,,,hr
R002006,E0192,EV_002,2026-03-02,2026-04-01,completed,100,95,,hr
R002007,E0193,EV_002,2026-03-02,2026-04-01,completed,100,98,,hr
R002008,E0194,EV_002,2026-03-02,2026-04-01,completed,100,97,,hr
R002009,E0195,EV_002,2026-03-02,2026-04-01,completed,100,99,,hr
R002010,E0196,EV_002,2026-03-02,2026-04-01,completed,100,84,,hr
R002011,E0197,EV_002,2026-03-02,2026-04-01,completed,100,98,,hr
R002012,E0198,EV_002,2026-03-02,2026-04-01,completed,100,83,,hr
R002013,E0199,EV_002,2026-03-02,2026-04-01,completed,100,78,,hr
R002014,E0199,EV_038,2026-03-02,,completed,100,71,4,hr
R002015,E0200,EV_002,2026-03-02,2026-04-01,completed,100,96,,hr
R002016,E0019,EV_005,2026-03-03,,completed,100,93,,manager
R002017,E0027,EV_036,2026-03-03,,completed,100,,4,manager
R002018,E0051,EV_034,2026-03-03,,completed,100,,4,self
R002019,E0102,EV_017,2026-03-03,,completed,100,63,4,self
R002020,E0013,EV_012,2026-03-05,,completed,100,98,,hr
R002021,E0017,EV_036,2026-03-05,,completed,100,,4,self
R002022,E0145,EV_018,2026-03-05,,no_show,0,,,self
R002023,E0165,EV_023,2026-03-05,,completed,100,,3,self
R002024,E0170,EV_039,2026-03-05,,no_show,0,,,self
R002025,E0026,EV_037,2026-03-06,,completed,100,,,self
R002026,E0121,EV_008,2026-03-06,,completed,100,,,self
R002027,E0156,EV_040,2026-03-06,,completed,100,,4,self
R002028,E0055,EV_038,2026-03-09,,completed,100,61,4,manager
R002029,E0057,EV_036,2026-03-10,,declined,0,,,manager
R002030,E0061,EV_040,2026-03-10,,no_show,0,,,hr
R002031,E0180,EV_036,2026-03-10,,completed,100,,4,self
R002032,E0040,EV_036,2026-03-11,,completed,100,,4,self
R002033,E0071,EV_036,2026-03-11,,completed,100,,4,self
R002034,E0103,EV_018,2026-03-11,,completed,100,77,,manager
R002035,E0115,EV_040,2026-03-11,,completed,100,,5,self
R002036,E0142,EV_036,2026-03-11,,completed,100,,5,self
R002037,E0038,EV_038,2026-03-13,,completed,100,60,,self
R002038,E0106,EV_036,2026-03-13,,declined,0,,,manager
R002039,E0027,EV_034,2026-03-16,,completed,100,,5,self
R002040,E0127,EV_012,2026-03-16,,dropped,55,,2,self
R002041,E0009,EV_039,2026-03-17,,completed,100,,4,self
R002042,E0035,EV_036,2026-03-17,,completed,100,,3,self
R002043,E0108,EV_037,2026-03-17,,completed,100,,5,self
R002044,E0129,EV_032,2026-03-17,,completed,100,,3,self
R002045,E0136,EV_040,2026-03-17,,completed,100,,,hr
R002046,E0139,EV_040,2026-03-17,,completed,100,,4,self
R002047,E0172,EV_008,2026-03-17,,dropped,45,,2,hr
R002048,E0044,EV_008,2026-03-18,,completed,100,,4,self
R002049,E0064,EV_037,2026-03-18,,no_show,0,,,hr
R002050,E0182,EV_008,2026-03-18,,completed,100,,5,self
R002051,E0009,EV_034,2026-03-19,,declined,0,,,hr
R002052,E0187,EV_036,2026-03-19,,no_show,0,,,manager
R002053,E0148,EV_036,2026-03-20,,completed,100,,4,manager
R002054,E0166,EV_032,2026-03-20,,completed,100,,5,self
R002055,E0186,EV_010,2026-03-20,,completed,100,79,,self
R002056,E0197,EV_036,2026-03-20,,completed,100,,4,self
R002057,E0028,EV_009,2026-03-23,,dropped,75,,2,self
R002058,E0072,EV_040,2026-03-23,,declined,0,,,manager
R002059,E0133,EV_037,2026-03-23,,completed,100,,4,self
R002060,E0157,EV_008,2026-03-23,,completed,100,,,self
R002061,E0006,EV_036,2026-03-24,,completed,100,,5,self
R002062,E0013,EV_038,2026-03-24,,completed,100,73,,manager
R002063,E0044,EV_039,2026-03-24,,completed,100,,,self
R002064,E0054,EV_023,2026-03-24,,no_show,0,,,self
R002065,E0102,EV_039,2026-03-24,,completed,100,,4,self
R002066,E0118,EV_036,2026-03-24,,completed,100,,,manager
R002067,E0187,EV_039,2026-03-24,,completed,100,,2,self
R002068,E0133,EV_038,2026-03-25,,completed,100,91,3,manager
R002069,E0031,EV_008,2026-03-26,,completed,100,,2,manager
R002070,E0115,EV_017,2026-03-26,,completed,100,90,4,manager
R002071,E0146,EV_001,2026-03-26,2026-04-25,overdue,40,,,hr
R002072,E0146,EV_002,2026-03-26,2026-04-25,overdue,60,,,hr
R002073,E0146,EV_003,2026-03-26,2026-04-25,completed,100,99,,hr
R002074,E0006,EV_036,2026-03-27,,completed,100,,,self
R002075,E0153,EV_034,2026-03-27,,completed,100,,3,self
R002076,E0195,EV_039,2026-03-27,,completed,100,,4,self
R002077,E0045,EV_036,2026-03-30,,no_show,0,,,manager
R002078,E0057,EV_008,2026-03-30,,completed,100,,4,self
R002079,E0116,EV_036,2026-03-30,,completed,100,,4,self
R002080,E0146,EV_004,2026-03-30,2026-04-22,completed,100,,4,hr
R002081,E0153,EV_036,2026-03-30,,completed,100,,,manager
R002082,E0003,EV_036,2026-03-31,,completed,100,,,manager
R002083,E0006,EV_036,2026-03-31,,no_show,0,,,self
R002084,E0017,EV_036,2026-03-31,,completed,100,,5,manager
R002085,E0087,EV_012,2026-03-31,,completed,100,84,5,manager
R002086,E0115,EV_036,2026-03-31,,completed,100,,5,manager
R002087,E0147,EV_011,2026-03-31,,completed,100,,3,self
R002088,E0052,EV_036,2026-04-01,,completed,100,,3,self
R002089,E0053,EV_040,2026-04-01,,completed,100,,4,manager
R002090,E0068,EV_017,2026-04-01,,no_show,0,,,hr
R002091,E0102,EV_013,2026-04-01,,no_show,0,,,self
R002092,E0137,EV_036,2026-04-01,,no_show,0,,,hr
R002093,E0147,EV_039,2026-04-01,,completed,100,,,self
R002094,E0164,EV_007,2026-04-01,,completed,100,,5,hr
R002095,E0002,EV_009,2026-04-02,,completed,100,67,3,self
R002096,E0021,EV_040,2026-04-02,,completed,100,,,self
R002097,E0058,EV_001,2026-04-02,2026-05-02,completed,100,70,,hr
R002098,E0058,EV_002,2026-04-02,2026-05-02,completed,100,94,,hr
R002099,E0058,EV_003,2026-04-02,2026-05-02,completed,100,71,,hr
R002100,E0060,EV_037,2026-04-02,,completed,100,,3,self
R002101,E0068,EV_039,2026-04-02,,completed,100,,5,self
R002102,E0165,EV_008,2026-04-02,,completed,100,,4,hr
R002103,E0194,EV_016,2026-04-02,,dropped,45,,3,hr
R002104,E0022,EV_023,2026-04-03,,completed,100,,,self
R002105,E0033,EV_008,2026-04-03,,completed,100,,2,manager
R002106,E0085,EV_024,2026-04-03,,dropped,20,,,manager
R002107,E0111,EV_008,2026-04-03,,completed,100,,,self
R002108,E0123,EV_037,2026-04-03,,completed,100,,5,manager
R002109,E0191,EV_032,2026-04-03,,completed,100,,5,self
R002110,E0092,EV_012,2026-04-06,,dropped,75,,,self
R002111,E0096,EV_001,2026-04-06,2026-05-06,completed,100,87,,hr
R002112,E0096,EV_002,2026-04-06,2026-05-06,completed,100,80,,hr
R002113,E0096,EV_003,2026-04-06,2026-05-06,completed,100,80,,hr
R002114,E0095,EV_031,2026-04-07,,no_show,0,,,manager
R002115,E0100,EV_032,2026-04-07,,completed,100,,,self
R002116,E0129,EV_039,2026-04-07,,declined,0,,,manager
R002117,E0162,EV_036,2026-04-07,,completed,100,,5,manager
R002118,E0028,EV_009,2026-04-08,,dropped,50,,,manager
R002119,E0030,EV_037,2026-04-08,,completed,100,,5,manager
R002120,E0044,EV_036,2026-04-08,,completed,100,,,hr
R002121,E0078,EV_039,2026-04-09,,completed,100,,3,self
R002122,E0133,EV_036,2026-04-09,,completed,100,,5,self
R002123,E0157,EV_039,2026-04-09,,completed,100,,,manager
R002124,E0166,EV_038,2026-04-09,,completed,100,71,2,self
R002125,E0169,EV_036,2026-04-09,,completed,100,,,manager
R002126,E0093,EV_036,2026-04-10,,declined,0,,,manager
R002127,E0105,EV_030,2026-04-10,,completed,100,,4,manager
R002128,E0120,EV_011,2026-04-10,,dropped,35,,,hr
R002129,E0124,EV_012,2026-04-10,,completed,100,96,3,manager
R002130,E0178,EV_005,2026-04-10,,no_show,0,,,manager
R002131,E0185,EV_036,2026-04-10,,completed,100,,4,self
R002132,E0019,EV_040,2026-04-13,,completed,100,,,self
R002133,E0023,EV_036,2026-04-13,,completed,100,,4,self
R002134,E0058,EV_004,2026-04-13,2026-04-29,completed,100,,5,hr
R002135,E0073,EV_025,2026-04-13,,completed,100,72,4,manager
R002136,E0085,EV_036,2026-04-13,,completed,100,,5,self
R002137,E0096,EV_004,2026-04-13,2026-05-02,completed,100,,,hr
R002138,E0107,EV_020,2026-04-13,,completed,100,68,2,self
R002139,E0088,EV_010,2026-04-15,,completed,100,73,,hr
R002140,E0144,EV_036,2026-04-15,,completed,100,,5,self
R002141,E0005,EV_036,2026-04-17,,completed,100,,5,manager
R002142,E0047,EV_011,2026-04-17,,completed,100,,3,self
R002143,E0153,EV_036,2026-04-17,,completed,100,,5,manager
R002144,E0186,EV_037,2026-04-17,,completed,100,,,self
R002145,E0006,EV_040,2026-04-20,,completed,100,,4,self
R002146,E0041,EV_027,2026-04-20,,no_show,0,,,self
R002147,E0121,EV_024,2026-04-20,,completed,100,92,5,self
R002148,E0151,EV_030,2026-04-20,,completed,100,,,self
R002149,E0033,EV_009,2026-04-21,,completed,100,98,3,self
R002150,E0034,EV_020,2026-04-21,,completed,100,90,3,self
R002151,E0167,EV_028,2026-04-21,,completed,100,,4,self
R002152,E0081,EV_008,2026-04-22,,completed,100,,,manager
R002153,E0093,EV_036,2026-04-23,,completed,100,,3,self
R002154,E0042,EV_036,2026-04-24,,completed,100,,,self
R002155,E0144,EV_036,2026-04-24,,completed,100,,,self
R002156,E0024,EV_001,2026-04-27,2026-05-27,completed,100,88,,hr
R002157,E0024,EV_002,2026-04-27,2026-05-27,completed,100,87,,hr
R002158,E0024,EV_003,2026-04-27,2026-05-27,completed,100,100,,hr
R002159,E0026,EV_007,2026-04-27,,completed,100,,3,self
R002160,E0172,EV_036,2026-04-27,,completed,100,,5,hr
R002161,E0033,EV_040,2026-04-28,,declined,0,,,manager
R002162,E0093,EV_036,2026-04-28,,completed,100,,,self
R002163,E0183,EV_040,2026-04-28,,declined,0,,,manager
R002164,E0029,EV_037,2026-04-29,,no_show,0,,,manager
R002165,E0031,EV_036,2026-04-29,,completed,100,,5,self
R002166,E0109,EV_036,2026-04-29,,declined,0,,,manager
R002167,E0152,EV_039,2026-04-29,,completed,100,,,manager
R002168,E0166,EV_008,2026-04-29,,completed,100,,,self
R002169,E0036,EV_005,2026-04-30,,completed,100,99,4,self
R002170,E0098,EV_040,2026-04-30,,completed,100,,,self
R002171,E0111,EV_036,2026-04-30,,completed,100,,4,self
R002172,E0137,EV_005,2026-04-30,,completed,100,87,,self
R002173,E0001,EV_001,2026-05-01,2026-05-31,completed,100,88,,hr
R002174,E0001,EV_002,2026-05-01,2026-05-31,completed,100,93,,hr
R002175,E0001,EV_003,2026-05-01,2026-05-31,completed,100,70,,hr
R002176,E0052,EV_036,2026-05-01,,completed,100,,,manager
R002177,E0110,EV_001,2026-05-01,2026-05-31,completed,100,75,,hr
R002178,E0110,EV_002,2026-05-01,2026-05-31,overdue,40,,,hr
R002179,E0110,EV_003,2026-05-01,2026-05-31,completed,100,100,,hr
R002180,E0199,EV_023,2026-05-01,,completed,100,,4,manager
R002181,E0022,EV_008,2026-05-05,,completed,100,,3,manager
R002182,E0091,EV_018,2026-05-05,,dropped,70,,,self
R002183,E0004,EV_023,2026-05-06,,completed,100,,4,manager
R002184,E0086,EV_039,2026-05-06,,no_show,0,,,manager
R002185,E0022,EV_040,2026-05-07,,completed,100,,3,self
R002186,E0053,EV_019,2026-05-07,,completed,100,,4,manager
R002187,E0065,EV_019,2026-05-07,,completed,100,,4,manager
R002188,E0189,EV_005,2026-05-08,,dropped,80,,,hr
R002189,E0196,EV_005,2026-05-08,,completed,100,69,4,manager
R002190,E0058,EV_005,2026-05-11,,completed,100,95,4,manager
R002191,E0183,EV_016,2026-05-11,,dropped,60,,,manager
R002192,E0001,EV_004,2026-05-12,2026-05-28,completed,100,,5,hr
R002193,E0010,EV_039,2026-05-12,,no_show,0,,,manager
R002194,E0037,EV_040,2026-05-13,,no_show,0,,,manager
R002195,E0050,EV_011,2026-05-13,,completed,100,,5,self
R002196,E0102,EV_036,2026-05-13,,completed,100,,,hr
R002197,E0163,EV_036,2026-05-13,,completed,100,,,self
R002198,E0102,EV_013,2026-05-14,,completed,100,98,,self
R002199,E0103,EV_005,2026-05-14,,completed,100,95,4,self
R002200,E0143,EV_036,2026-05-14,,completed,100,,,hr
R002201,E0144,EV_036,2026-05-14,,completed,100,,5,self
R002202,E0151,EV_028,2026-05-14,,completed,100,,4,self
R002203,E0019,EV_008,2026-05-15,,completed,100,,4,manager
R002204,E0024,EV_004,2026-05-15,2026-05-24,completed,100,,5,hr
R002205,E0092,EV_037,2026-05-15,,declined,0,,,manager
R002206,E0094,EV_036,2026-05-15,,completed,100,,4,self
R002207,E0190,EV_012,2026-05-15,,completed,100,95,5,self
R002208,E0200,EV_012,2026-05-15,,declined,0,,,manager
R002209,E0073,EV_020,2026-05-18,,dropped,85,,,hr
R002210,E0110,EV_004,2026-05-18,2026-05-28,completed,100,,,hr
R002211,E0130,EV_009,2026-05-18,,completed,100,80,5,hr
R002212,E0135,EV_001,2026-05-18,2026-06-17,completed,100,82,,hr
R002213,E0135,EV_002,2026-05-18,2026-06-17,completed,100,92,,hr
R002214,E0135,EV_003,2026-05-18,2026-06-17,completed,100,83,,hr
R002215,E0144,EV_036,2026-05-18,,completed,100,,,manager
R002216,E0159,EV_001,2026-05-18,2026-06-17,overdue,0,,,hr
R002217,E0159,EV_002,2026-05-18,2026-06-17,overdue,25,,,hr
R002218,E0159,EV_003,2026-05-18,2026-06-17,completed,100,98,,hr
R002219,E0164,EV_009,2026-05-18,,completed,100,86,5,self
R002220,E0159,EV_004,2026-05-20,2026-06-14,completed,100,,,hr
R002221,E0063,EV_038,2026-05-21,,dropped,75,,2,self
R002222,E0123,EV_013,2026-05-21,,no_show,0,,,self
R002223,E0148,EV_036,2026-05-21,,completed,100,,3,self
R002224,E0170,EV_036,2026-05-21,,completed,100,,5,self
R002225,E0023,EV_036,2026-05-22,,completed,100,,5,manager
R002226,E0105,EV_008,2026-05-22,,completed,100,,4,hr
R002227,E0126,EV_001,2026-05-22,2026-06-21,completed,100,74,,hr
R002228,E0126,EV_002,2026-05-22,2026-06-21,completed,100,96,,hr
R002229,E0126,EV_003,2026-05-22,2026-06-21,completed,100,86,,hr
R002230,E0134,EV_036,2026-05-22,,no_show,0,,,hr
R002231,E0155,EV_007,2026-05-22,,completed,100,,2,self
R002232,E0192,EV_036,2026-05-22,,no_show,0,,,manager
R002233,E0199,EV_021,2026-05-22,,dropped,35,,,manager
R002234,E0134,EV_026,2026-05-25,,completed,100,,5,self
R002235,E0095,EV_039,2026-05-26,,completed,100,,3,self
R002236,E0021,EV_008,2026-05-27,,completed,100,,,self
R002237,E0025,EV_039,2026-05-27,,declined,0,,,manager
R002238,E0031,EV_040,2026-05-27,,dropped,15,,1,self
R002239,E0044,EV_009,2026-05-27,,completed,100,78,,manager
R002240,E0118,EV_037,2026-05-27,,completed,100,,5,manager
R002241,E0180,EV_036,2026-05-27,,completed,100,,2,self
R002242,E0056,EV_033,2026-05-28,,declined,0,,,manager
R002243,E0088,EV_008,2026-05-28,,completed,100,,,self
R002244,E0109,EV_011,2026-05-28,,completed,100,,5,self
R002245,E0126,EV_004,2026-05-28,2026-06-18,completed,100,,5,hr
R002246,E0153,EV_036,2026-05-28,,completed,100,,3,self
R002247,E0161,EV_032,2026-05-28,,no_show,0,,,manager
R002248,E0166,EV_037,2026-05-28,,completed,100,,,self
R002249,E0078,EV_035,2026-05-29,,completed,100,84,2,self
R002250,E0188,EV_022,2026-05-29,,declined,0,,,manager
R002251,E0002,EV_003,2026-06-01,2026-07-01,completed,100,75,,hr
R002252,E0003,EV_003,2026-06-01,2026-07-01,completed,100,98,,hr
R002253,E0004,EV_003,2026-06-01,2026-07-01,completed,100,97,,hr
R002254,E0005,EV_003,2026-06-01,2026-07-01,completed,100,98,,hr
R002255,E0006,EV_003,2026-06-01,2026-07-01,completed,100,97,,hr
R002256,E0007,EV_003,2026-06-01,2026-07-01,completed,100,94,,hr
R002257,E0008,EV_003,2026-06-01,2026-07-01,overdue,0,,,hr
R002258,E0009,EV_003,2026-06-01,2026-07-01,completed,100,89,,hr
R002259,E0010,EV_003,2026-06-01,2026-07-01,completed,100,100,,hr
R002260,E0011,EV_003,2026-06-01,2026-07-01,completed,100,92,,hr
R002261,E0012,EV_003,2026-06-01,2026-07-01,completed,100,70,,hr
R002262,E0013,EV_003,2026-06-01,2026-07-01,completed,100,98,,hr
R002263,E0014,EV_003,2026-06-01,2026-07-01,completed,100,91,,hr
R002264,E0014,EV_036,2026-06-01,,completed,100,,,self
R002265,E0015,EV_003,2026-06-01,2026-07-01,completed,100,94,,hr
R002266,E0016,EV_003,2026-06-01,2026-07-01,completed,100,85,,hr
R002267,E0017,EV_003,2026-06-01,2026-07-01,completed,100,93,,hr
R002268,E0018,EV_003,2026-06-01,2026-07-01,completed,100,100,,hr
R002269,E0019,EV_003,2026-06-01,2026-07-01,completed,100,71,,hr
R002270,E0020,EV_003,2026-06-01,2026-07-01,overdue,10,,,hr
R002271,E0021,EV_003,2026-06-01,2026-07-01,completed,100,98,,hr
R002272,E0022,EV_003,2026-06-01,2026-07-01,completed,100,75,,hr
R002273,E0023,EV_003,2026-06-01,2026-07-01,completed,100,80,,hr
R002274,E0025,EV_003,2026-06-01,2026-07-01,completed,100,88,,hr
R002275,E0026,EV_003,2026-06-01,2026-07-01,completed,100,80,,hr
R002276,E0027,EV_003,2026-06-01,2026-07-01,completed,100,76,,hr
R002277,E0028,EV_003,2026-06-01,2026-07-01,completed,100,84,,hr
R002278,E0029,EV_003,2026-06-01,2026-07-01,completed,100,89,,hr
R002279,E0030,EV_003,2026-06-01,2026-07-01,completed,100,99,,hr
R002280,E0031,EV_003,2026-06-01,2026-07-01,completed,100,88,,hr
R002281,E0032,EV_003,2026-06-01,2026-07-01,completed,100,96,,hr
R002282,E0033,EV_003,2026-06-01,2026-07-01,completed,100,80,,hr
R002283,E0034,EV_003,2026-06-01,2026-07-01,completed,100,80,,hr
R002284,E0035,EV_003,2026-06-01,2026-07-01,completed,100,96,,hr
R002285,E0036,EV_003,2026-06-01,2026-07-01,completed,100,71,,hr
R002286,E0037,EV_003,2026-06-01,2026-07-01,completed,100,99,,hr
R002287,E0038,EV_003,2026-06-01,2026-07-01,completed,100,88,,hr
R002288,E0039,EV_003,2026-06-01,2026-07-01,completed,100,89,,hr
R002289,E0040,EV_003,2026-06-01,2026-07-01,completed,100,91,,hr
R002290,E0041,EV_003,2026-06-01,2026-07-01,completed,100,89,,hr
R002291,E0042,EV_003,2026-06-01,2026-07-01,completed,100,99,,hr
R002292,E0043,EV_003,2026-06-01,2026-07-01,completed,100,95,,hr
R002293,E0044,EV_003,2026-06-01,2026-07-01,completed,100,73,,hr
R002294,E0045,EV_003,2026-06-01,2026-07-01,overdue,60,,,hr
R002295,E0046,EV_003,2026-06-01,2026-07-01,completed,100,86,,hr
R002296,E0047,EV_003,2026-06-01,2026-07-01,completed,100,80,,hr
R002297,E0048,EV_003,2026-06-01,2026-07-01,completed,100,80,,hr
R002298,E0049,EV_003,2026-06-01,2026-07-01,overdue,40,,,hr
R002299,E0050,EV_003,2026-06-01,2026-07-01,overdue,25,,,hr
R002300,E0051,EV_003,2026-06-01,2026-07-01,completed,100,99,,hr
R002301,E0052,EV_003,2026-06-01,2026-07-01,completed,100,88,,hr
R002302,E0053,EV_003,2026-06-01,2026-07-01,completed,100,91,,hr
R002303,E0054,EV_003,2026-06-01,2026-07-01,completed,100,77,,hr
R002304,E0055,EV_003,2026-06-01,2026-07-01,completed,100,95,,hr
R002305,E0056,EV_003,2026-06-01,2026-07-01,completed,100,75,,hr
R002306,E0057,EV_003,2026-06-01,2026-07-01,overdue,10,,,hr
R002307,E0059,EV_003,2026-06-01,2026-07-01,overdue,10,,,hr
R002308,E0060,EV_003,2026-06-01,2026-07-01,completed,100,92,,hr
R002309,E0061,EV_003,2026-06-01,2026-07-01,completed,100,93,,hr
R002310,E0062,EV_003,2026-06-01,2026-07-01,overdue,0,,,hr
R002311,E0063,EV_003,2026-06-01,2026-07-01,completed,100,90,,hr
R002312,E0064,EV_003,2026-06-01,2026-07-01,completed,100,88,,hr
R002313,E0065,EV_003,2026-06-01,2026-07-01,completed,100,89,,hr
R002314,E0066,EV_003,2026-06-01,2026-07-01,completed,100,86,,hr
R002315,E0067,EV_003,2026-06-01,2026-07-01,overdue,25,,,hr
R002316,E0068,EV_003,2026-06-01,2026-07-01,overdue,60,,,hr
R002317,E0069,EV_003,2026-06-01,2026-07-01,completed,100,70,,hr
R002318,E0070,EV_003,2026-06-01,2026-07-01,completed,100,79,,hr
R002319,E0071,EV_003,2026-06-01,2026-07-01,overdue,10,,,hr
R002320,E0072,EV_003,2026-06-01,2026-07-01,completed,100,83,,hr
R002321,E0073,EV_003,2026-06-01,2026-07-01,completed,100,89,,hr
R002322,E0074,EV_003,2026-06-01,2026-07-01,overdue,0,,,hr
R002323,E0075,EV_003,2026-06-01,2026-07-01,overdue,40,,,hr
R002324,E0077,EV_003,2026-06-01,2026-07-01,completed,100,93,,hr
R002325,E0078,EV_003,2026-06-01,2026-07-01,completed,100,85,,hr
R002326,E0079,EV_003,2026-06-01,2026-07-01,overdue,0,,,hr
R002327,E0080,EV_003,2026-06-01,2026-07-01,completed,100,87,,hr
R002328,E0081,EV_003,2026-06-01,2026-07-01,completed,100,92,,hr
R002329,E0082,EV_003,2026-06-01,2026-07-01,completed,100,87,,hr
R002330,E0083,EV_003,2026-06-01,2026-07-01,completed,100,74,,hr
R002331,E0085,EV_003,2026-06-01,2026-07-01,completed,100,92,,hr
R002332,E0086,EV_003,2026-06-01,2026-07-01,completed,100,91,,hr
R002333,E0087,EV_003,2026-06-01,2026-07-01,completed,100,74,,hr
R002334,E0088,EV_003,2026-06-01,2026-07-01,completed,100,74,,hr
R002335,E0089,EV_003,2026-06-01,2026-07-01,completed,100,90,,hr
R002336,E0090,EV_003,2026-06-01,2026-07-01,completed,100,75,,hr
R002337,E0091,EV_003,2026-06-01,2026-07-01,completed,100,87,,hr
R002338,E0092,EV_003,2026-06-01,2026-07-01,completed,100,97,,hr
R002339,E0093,EV_003,2026-06-01,2026-07-01,completed,100,80,,hr
R002340,E0094,EV_003,2026-06-01,2026-07-01,completed,100,100,,hr
R002341,E0095,EV_003,2026-06-01,2026-07-01,completed,100,73,,hr
R002342,E0097,EV_003,2026-06-01,2026-07-01,completed,100,97,,hr
R002343,E0098,EV_003,2026-06-01,2026-07-01,completed,100,87,,hr
R002344,E0099,EV_003,2026-06-01,2026-07-01,overdue,25,,,hr
R002345,E0100,EV_003,2026-06-01,2026-07-01,completed,100,90,,hr
R002346,E0102,EV_003,2026-06-01,2026-07-01,completed,100,89,,hr
R002347,E0103,EV_003,2026-06-01,2026-07-01,completed,100,88,,hr
R002348,E0104,EV_003,2026-06-01,2026-07-01,completed,100,78,,hr
R002349,E0105,EV_003,2026-06-01,2026-07-01,completed,100,96,,hr
R002350,E0106,EV_003,2026-06-01,2026-07-01,completed,100,84,,hr
R002351,E0107,EV_003,2026-06-01,2026-07-01,completed,100,77,,hr
R002352,E0108,EV_003,2026-06-01,2026-07-01,completed,100,70,,hr
R002353,E0109,EV_003,2026-06-01,2026-07-01,completed,100,80,,hr
R002354,E0111,EV_003,2026-06-01,2026-07-01,completed,100,91,,hr
R002355,E0112,EV_003,2026-06-01,2026-07-01,completed,100,96,,hr
R002356,E0113,EV_003,2026-06-01,2026-07-01,completed,100,77,,hr
R002357,E0114,EV_003,2026-06-01,2026-07-01,overdue,60,,,hr
R002358,E0114,EV_035,2026-06-01,,completed,100,96,3,hr
R002359,E0115,EV_003,2026-06-01,2026-07-01,completed,100,90,,hr
R002360,E0116,EV_003,2026-06-01,2026-07-01,completed,100,92,,hr
R002361,E0118,EV_003,2026-06-01,2026-07-01,completed,100,75,,hr
R002362,E0120,EV_003,2026-06-01,2026-07-01,completed,100,96,,hr
R002363,E0121,EV_003,2026-06-01,2026-07-01,completed,100,100,,hr
R002364,E0122,EV_003,2026-06-01,2026-07-01,completed,100,74,,hr
R002365,E0123,EV_003,2026-06-01,2026-07-01,completed,100,85,,hr
R002366,E0124,EV_003,2026-06-01,2026-07-01,completed,100,89,,hr
R002367,E0125,EV_003,2026-06-01,2026-07-01,completed,100,86,,hr
R002368,E0127,EV_003,2026-06-01,2026-07-01,completed,100,92,,hr
R002369,E0128,EV_003,2026-06-01,2026-07-01,completed,100,77,,hr
R002370,E0129,EV_003,2026-06-01,2026-07-01,completed,100,75,,hr
R002371,E0130,EV_003,2026-06-01,2026-07-01,completed,100,87,,hr
R002372,E0131,EV_003,2026-06-01,2026-07-01,completed,100,95,,hr
R002373,E0132,EV_003,2026-06-01,2026-07-01,completed,100,95,,hr
R002374,E0133,EV_003,2026-06-01,2026-07-01,completed,100,90,,hr
R002375,E0134,EV_003,2026-06-01,2026-07-01,completed,100,72,,hr
R002376,E0136,EV_003,2026-06-01,2026-07-01,completed,100,95,,hr
R002377,E0137,EV_003,2026-06-01,2026-07-01,completed,100,89,,hr
R002378,E0138,EV_003,2026-06-01,2026-07-01,completed,100,73,,hr
R002379,E0139,EV_003,2026-06-01,2026-07-01,completed,100,93,,hr
R002380,E0140,EV_003,2026-06-01,2026-07-01,completed,100,89,,hr
R002381,E0141,EV_003,2026-06-01,2026-07-01,completed,100,76,,hr
R002382,E0142,EV_003,2026-06-01,2026-07-01,overdue,25,,,hr
R002383,E0143,EV_003,2026-06-01,2026-07-01,completed,100,78,,hr
R002384,E0144,EV_003,2026-06-01,2026-07-01,completed,100,91,,hr
R002385,E0145,EV_003,2026-06-01,2026-07-01,completed,100,84,,hr
R002386,E0147,EV_003,2026-06-01,2026-07-01,completed,100,78,,hr
R002387,E0148,EV_003,2026-06-01,2026-07-01,completed,100,100,,hr
R002388,E0149,EV_003,2026-06-01,2026-07-01,overdue,0,,,hr
R002389,E0150,EV_003,2026-06-01,2026-07-01,completed,100,96,,hr
R002390,E0151,EV_003,2026-06-01,2026-07-01,completed,100,72,,hr
R002391,E0152,EV_003,2026-06-01,2026-07-01,completed,100,81,,hr
R002392,E0153,EV_003,2026-06-01,2026-07-01,completed,100,100,,hr
R002393,E0154,EV_003,2026-06-01,2026-07-01,completed,100,73,,hr
R002394,E0155,EV_003,2026-06-01,2026-07-01,completed,100,98,,hr
R002395,E0156,EV_003,2026-06-01,2026-07-01,completed,100,80,,hr
R002396,E0157,EV_003,2026-06-01,2026-07-01,completed,100,78,,hr
R002397,E0158,EV_003,2026-06-01,2026-07-01,completed,100,86,,hr
R002398,E0160,EV_003,2026-06-01,2026-07-01,completed,100,95,,hr
R002399,E0161,EV_003,2026-06-01,2026-07-01,completed,100,96,,hr
R002400,E0162,EV_003,2026-06-01,2026-07-01,completed,100,98,,hr
R002401,E0163,EV_003,2026-06-01,2026-07-01,completed,100,89,,hr
R002402,E0164,EV_003,2026-06-01,2026-07-01,completed,100,70,,hr
R002403,E0165,EV_003,2026-06-01,2026-07-01,completed,100,89,,hr
R002404,E0166,EV_003,2026-06-01,2026-07-01,completed,100,77,,hr
R002405,E0167,EV_003,2026-06-01,2026-07-01,completed,100,73,,hr
R002406,E0168,EV_003,2026-06-01,2026-07-01,completed,100,97,,hr
R002407,E0169,EV_003,2026-06-01,2026-07-01,completed,100,97,,hr
R002408,E0170,EV_003,2026-06-01,2026-07-01,overdue,0,,,hr
R002409,E0171,EV_003,2026-06-01,2026-07-01,completed,100,77,,hr
R002410,E0172,EV_003,2026-06-01,2026-07-01,completed,100,85,,hr
R002411,E0173,EV_003,2026-06-01,2026-07-01,completed,100,81,,hr
R002412,E0175,EV_003,2026-06-01,2026-07-01,completed,100,78,,hr
R002413,E0176,EV_003,2026-06-01,2026-07-01,completed,100,83,,hr
R002414,E0177,EV_003,2026-06-01,2026-07-01,completed,100,88,,hr
R002415,E0178,EV_003,2026-06-01,2026-07-01,completed,100,98,,hr
R002416,E0179,EV_003,2026-06-01,2026-07-01,completed,100,76,,hr
R002417,E0180,EV_003,2026-06-01,2026-07-01,completed,100,70,,hr
R002418,E0181,EV_003,2026-06-01,2026-07-01,completed,100,82,,hr
R002419,E0182,EV_003,2026-06-01,2026-07-01,completed,100,70,,hr
R002420,E0183,EV_003,2026-06-01,2026-07-01,completed,100,87,,hr
R002421,E0184,EV_003,2026-06-01,2026-07-01,completed,100,86,,hr
R002422,E0185,EV_003,2026-06-01,2026-07-01,completed,100,100,,hr
R002423,E0186,EV_003,2026-06-01,2026-07-01,completed,100,84,,hr
R002424,E0187,EV_003,2026-06-01,2026-07-01,completed,100,74,,hr
R002425,E0188,EV_003,2026-06-01,2026-07-01,completed,100,86,,hr
R002426,E0188,EV_036,2026-06-01,,completed,100,,,self
R002427,E0189,EV_003,2026-06-01,2026-07-01,completed,100,88,,hr
R002428,E0190,EV_003,2026-06-01,2026-07-01,completed,100,85,,hr
R002429,E0191,EV_003,2026-06-01,2026-07-01,overdue,0,,,hr
R002430,E0192,EV_003,2026-06-01,2026-07-01,completed,100,76,,hr
R002431,E0193,EV_003,2026-06-01,2026-07-01,completed,100,88,,hr
R002432,E0193,EV_020,2026-06-01,,completed,100,71,,self
R002433,E0194,EV_003,2026-06-01,2026-07-01,completed,100,73,,hr
R002434,E0195,EV_003,2026-06-01,2026-07-01,completed,100,87,,hr
R002435,E0196,EV_003,2026-06-01,2026-07-01,completed,100,86,,hr
R002436,E0197,EV_003,2026-06-01,2026-07-01,completed,100,78,,hr
R002437,E0198,EV_003,2026-06-01,2026-07-01,completed,100,75,,hr
R002438,E0199,EV_003,2026-06-01,2026-07-01,completed,100,95,,hr
R002439,E0200,EV_003,2026-06-01,2026-07-01,completed,100,98,,hr
R002440,E0022,EV_020,2026-06-02,,completed,100,84,,self
R002441,E0055,EV_036,2026-06-02,,completed,100,,,manager
R002442,E0088,EV_036,2026-06-02,,no_show,0,,,manager
R002443,E0105,EV_029,2026-06-02,,dropped,75,,,hr
R002444,E0130,EV_008,2026-06-02,,completed,100,,4,manager
R002445,E0135,EV_004,2026-06-03,2026-06-13,completed,100,,5,hr
R002446,E0195,EV_022,2026-06-03,,no_show,0,,,self
R002447,E0034,EV_022,2026-06-04,,dropped,75,,1,self
R002448,E0038,EV_036,2026-06-04,,completed,100,,5,self
R002449,E0191,EV_033,2026-06-04,,completed,100,83,3,self
R002450,E0058,EV_036,2026-06-05,,completed,100,,4,manager
R002451,E0064,EV_037,2026-06-05,,declined,0,,,manager
R002452,E0079,EV_036,2026-06-05,,completed,100,,5,manager
R002453,E0089,EV_036,2026-06-05,,completed,100,,5,self
R002454,E0029,EV_037,2026-06-08,,completed,100,,2,self
R002455,E0079,EV_036,2026-06-08,,completed,100,,5,manager
R002456,E0120,EV_037,2026-06-08,,completed,100,,3,self
R002457,E0009,EV_036,2026-06-09,,no_show,0,,,hr
R002458,E0105,EV_029,2026-06-09,,completed,100,97,5,self
R002459,E0107,EV_036,2026-06-09,,completed,100,,3,manager
R002460,E0132,EV_025,2026-06-09,,completed,100,91,,self
R002461,E0146,EV_023,2026-06-09,,completed,100,,5,manager
R002462,E0168,EV_035,2026-06-09,,dropped,80,,,manager
R002463,E0029,EV_036,2026-06-10,,no_show,0,,,self
R002464,E0051,EV_037,2026-06-10,,completed,100,,5,self
R002465,E0065,EV_005,2026-06-10,,completed,100,90,3,self
R002466,E0147,EV_009,2026-06-10,,completed,100,68,4,self
R002467,E0158,EV_036,2026-06-10,,completed,100,,4,manager
R002468,E0034,EV_008,2026-06-11,,dropped,65,,,hr
R002469,E0102,EV_040,2026-06-11,,completed,100,,,manager
R002470,E0041,EV_036,2026-06-12,,completed,100,,4,self
R002471,E0152,EV_040,2026-06-12,,no_show,0,,,self
R002472,E0169,EV_040,2026-06-12,,completed,100,,4,hr
R002473,E0029,EV_036,2026-06-15,,declined,0,,,manager
R002474,E0110,EV_005,2026-06-15,,completed,100,72,5,self
R002475,E0116,EV_020,2026-06-15,,completed,100,97,3,self
R002476,E0198,EV_036,2026-06-15,,completed,100,,4,self
R002477,E0034,EV_008,2026-06-16,,completed,100,,2,manager
R002478,E0112,EV_036,2026-06-16,,no_show,0,,,self
R002479,E0079,EV_036,2026-06-17,,declined,0,,,manager
R002480,E0089,EV_032,2026-06-18,,completed,100,,5,hr
R002481,E0033,EV_039,2026-06-19,,completed,100,,5,self
R002482,E0124,EV_037,2026-06-19,,no_show,0,,,manager
R002483,E0013,EV_037,2026-06-22,,completed,100,,2,self
R002484,E0065,EV_036,2026-06-22,,completed,100,,4,hr
R002485,E0084,EV_001,2026-06-22,2026-07-22,completed,100,97,,hr
R002486,E0084,EV_002,2026-06-22,2026-07-22,completed,100,88,,hr
R002487,E0084,EV_003,2026-06-22,2026-07-22,completed,100,99,,hr
R002488,E0105,EV_036,2026-06-22,,completed,100,,,manager
R002489,E0137,EV_006,2026-06-22,,no_show,0,,,hr
R002490,E0151,EV_036,2026-06-22,,no_show,0,,,manager
R002491,E0175,EV_006,2026-06-22,,completed,100,,,hr
R002492,E0193,EV_025,2026-06-22,,dropped,15,,3,self
R002493,E0043,EV_011,2026-06-23,,completed,100,,3,self
R002494,E0150,EV_039,2026-06-23,,completed,100,,5,manager
R002495,E0064,EV_038,2026-06-24,,no_show,0,,,self
R002496,E0104,EV_033,2026-06-24,,completed,100,95,5,self
R002497,E0120,EV_039,2026-06-24,,completed,100,,5,manager
R002498,E0115,EV_005,2026-06-25,,completed,100,81,5,manager
R002499,E0061,EV_025,2026-06-26,,completed,100,82,4,self
R002500,E0117,EV_001,2026-06-26,2026-07-26,completed,100,93,,hr
R002501,E0117,EV_002,2026-06-26,2026-07-26,overdue,25,,,hr
R002502,E0117,EV_003,2026-06-26,2026-07-26,overdue,25,,,hr
R002503,E0148,EV_036,2026-06-29,,completed,100,,2,manager
R002504,E0187,EV_020,2026-06-29,,dropped,35,,,manager
R002505,E0053,EV_036,2026-06-30,,no_show,0,,,self
R002506,E0061,EV_009,2026-06-30,,completed,100,93,4,self
R002507,E0118,EV_036,2026-06-30,,completed,100,,5,hr
R002508,E0154,EV_036,2026-06-30,,declined,0,,,manager
R002509,E0163,EV_039,2026-06-30,,completed,100,,5,manager
R002510,E0200,EV_011,2026-06-30,,dropped,15,,,self
R002511,E0084,EV_004,2026-07-01,2026-07-18,completed,100,,4,hr
R002512,E0092,EV_011,2026-07-01,,completed,100,,4,self
R002513,E0153,EV_036,2026-07-01,,declined,0,,,manager
R002514,E0091,EV_038,2026-07-02,,completed,100,64,5,self
R002515,E0177,EV_034,2026-07-02,,no_show,0,,,self
R002516,E0026,EV_040,2026-07-03,,completed,100,,5,self
R002517,E0088,EV_012,2026-07-03,,completed,100,87,5,self
R002518,E0137,EV_025,2026-07-03,,no_show,0,,,manager
R002519,E0147,EV_017,2026-07-03,,dropped,15,,,manager
R002520,E0162,EV_025,2026-07-03,,declined,0,,,manager
R002521,E0035,EV_037,2026-07-06,,no_show,0,,,manager
R002522,E0090,EV_040,2026-07-06,,completed,100,,3,self
R002523,E0130,EV_019,2026-07-06,,completed,100,,2,self
R002524,E0140,EV_009,2026-07-06,,completed,100,93,4,hr
R002525,E0043,EV_039,2026-07-07,,completed,100,,,self
R002526,E0134,EV_036,2026-07-07,,declined,0,,,manager
R002527,E0147,EV_036,2026-07-07,,completed,100,,4,self
R002528,E0065,EV_036,2026-07-08,,declined,0,,,manager
R002529,E0135,EV_005,2026-07-08,,completed,100,97,,self
R002530,E0178,EV_010,2026-07-08,,completed,100,87,3,hr
R002531,E0184,EV_008,2026-07-08,,completed,100,,4,manager
R002532,E0089,EV_039,2026-07-09,,completed,100,,,manager
R002533,E0190,EV_038,2026-07-09,,completed,100,82,5,manager
R002534,E0080,EV_037,2026-07-10,,no_show,0,,,hr
R002535,E0093,EV_036,2026-07-10,,completed,100,,5,self
R002536,E0181,EV_022,2026-07-10,,no_show,0,,,self
R002537,E0184,EV_040,2026-07-13,,declined,0,,,manager
R002538,E0041,EV_008,2026-07-14,,completed,100,,4,self
R002539,E0072,EV_018,2026-07-14,,dropped,75,,1,manager
R002540,E0118,EV_017,2026-07-14,,completed,100,99,3,self
R002541,E0129,EV_033,2026-07-14,,completed,100,67,3,self
R002542,E0165,EV_022,2026-07-14,,completed,100,96,,manager
R002543,E0186,EV_007,2026-07-14,,completed,100,,4,self
R002544,E0111,EV_011,2026-07-15,,completed,100,,4,manager
R002545,E0139,EV_037,2026-07-15,,no_show,0,,,self
R002546,E0154,EV_014,2026-07-15,,completed,100,,4,manager
R002547,E0024,EV_034,2026-07-17,,completed,100,,3,manager
R002548,E0035,EV_036,2026-07-17,,no_show,0,,,self
R002549,E0065,EV_036,2026-07-17,,completed,100,,4,manager
R002550,E0117,EV_004,2026-07-17,2026-07-23,completed,100,,3,hr
R002551,E0028,EV_039,2026-07-20,,completed,100,,2,self
R002552,E0040,EV_011,2026-07-20,,no_show,0,,,manager
R002553,E0098,EV_037,2026-07-20,,completed,100,,5,manager
R002554,E0055,EV_036,2026-07-21,,completed,100,,3,self
R002555,E0109,EV_017,2026-07-21,,dropped,35,,2,self
R002556,E0007,EV_019,2026-07-23,,completed,100,,5,self
R002557,E0014,EV_008,2026-07-23,,dropped,80,,2,manager
R002558,E0056,EV_032,2026-07-23,,completed,100,,4,self
R002559,E0062,EV_036,2026-07-23,,declined,0,,,hr
R002560,E0087,EV_037,2026-07-23,,completed,100,,2,manager
R002561,E0103,EV_011,2026-07-23,,no_show,0,,,self
R002562,E0107,EV_040,2026-07-23,,completed,100,,4,self
R002563,E0119,EV_001,2026-07-23,2026-08-22,completed,100,88,,hr
R002564,E0119,EV_002,2026-07-23,2026-08-22,completed,100,80,,hr
R002565,E0119,EV_003,2026-07-23,2026-08-22,completed,100,72,,hr
R002566,E0154,EV_040,2026-07-23,,dropped,10,,,self
R002567,E0067,EV_036,2026-07-24,,completed,100,,,manager
R002568,E0035,EV_037,2026-07-27,,completed,100,,4,manager
R002569,E0053,EV_011,2026-07-27,,no_show,0,,,manager
R002570,E0062,EV_036,2026-07-27,,declined,0,,,manager
R002571,E0070,EV_040,2026-07-27,,completed,100,,,self
R002572,E0087,EV_006,2026-07-27,,completed,100,,4,self
R002573,E0093,EV_036,2026-07-27,,completed,100,,3,hr
R002574,E0172,EV_037,2026-07-27,,completed,100,,5,self
R002575,E0080,EV_008,2026-07-28,,no_show,0,,,manager
R002576,E0187,EV_040,2026-07-28,,completed,100,,,manager
R002577,E0194,EV_038,2026-07-28,,no_show,0,,,manager
R002578,E0029,EV_036,2026-07-29,,no_show,0,,,self
R002579,E0072,EV_040,2026-07-29,,declined,0,,,hr
R002580,E0100,EV_027,2026-07-29,,completed,100,,4,self
R002581,E0184,EV_010,2026-07-29,,completed,100,68,4,self
R002582,E0032,EV_022,2026-07-30,,completed,100,63,4,manager
R002583,E0048,EV_020,2026-07-30,,completed,100,96,4,self
R002584,E0091,EV_005,2026-07-30,,completed,100,62,4,self
R002585,E0092,EV_012,2026-07-30,,dropped,25,,2,manager
R002586,E0109,EV_014,2026-07-30,,completed,100,,4,self
R002587,E0110,EV_019,2026-07-30,,completed,100,,5,manager
R002588,E0156,EV_019,2026-07-30,,completed,100,,,manager
R002589,E0157,EV_040,2026-07-30,,completed,100,,5,hr
R002590,E0181,EV_036,2026-07-30,,completed,100,,,hr
R002591,E0090,EV_012,2026-08-03,,completed,100,92,4,manager
R002592,E0119,EV_004,2026-08-03,2026-08-19,completed,100,,3,hr
R002593,E0133,EV_031,2026-08-03,,declined,0,,,hr
R002594,E0174,EV_001,2026-08-03,2026-09-02,completed,100,83,,hr
R002595,E0174,EV_002,2026-08-03,2026-09-02,completed,100,83,,hr
R002596,E0174,EV_003,2026-08-03,2026-09-02,completed,100,70,,hr
R002597,E0002,EV_019,2026-08-04,,dropped,15,,,self
R002598,E0063,EV_038,2026-08-04,,dropped,85,,3,manager
R002599,E0080,EV_024,2026-08-04,,completed,100,75,2,self
R002600,E0111,EV_036,2026-08-04,,completed,100,,5,self
R002601,E0187,EV_036,2026-08-04,,completed,100,,5,self
R002602,E0036,EV_008,2026-08-05,,no_show,0,,,manager
R002603,E0035,EV_036,2026-08-06,,completed,100,,5,self
R002604,E0058,EV_019,2026-08-06,,completed,100,,,self
R002605,E0120,EV_008,2026-08-06,,completed,100,,,manager
R002606,E0182,EV_009,2026-08-06,,completed,100,92,3,hr
R002607,E0184,EV_011,2026-08-06,,dropped,10,,,self
R002608,E0027,EV_028,2026-08-07,,dropped,35,,3,self
R002609,E0047,EV_040,2026-08-07,,no_show,0,,,self
R002610,E0132,EV_021,2026-08-07,,completed,100,,4,self
R002611,E0135,EV_012,2026-08-07,,completed,100,85,3,self
R002612,E0172,EV_028,2026-08-07,,completed,100,,2,self
R002613,E0200,EV_040,2026-08-07,,no_show,0,,,self
R002614,E0162,EV_040,2026-08-10,,completed,100,,5,hr
R002615,E0169,EV_036,2026-08-10,,completed,100,,,manager
R002616,E0192,EV_012,2026-08-10,,completed,100,87,,self
R002617,E0050,EV_008,2026-08-11,,completed,100,,4,self
R002618,E0145,EV_011,2026-08-11,,completed,100,,,manager
R002619,E0187,EV_020,2026-08-12,,dropped,25,,,self
R002620,E0004,EV_009,2026-08-13,,completed,100,99,4,self
R002621,E0057,EV_036,2026-08-13,,completed,100,,,self
R002622,E0174,EV_004,2026-08-13,2026-08-30,completed,100,,4,hr
R002623,E0028,EV_019,2026-08-14,,completed,100,,4,manager
R002624,E0001,EV_040,2026-08-17,,completed,100,,,self
R002625,E0197,EV_005,2026-08-17,,completed,100,78,3,self
R002626,E0001,EV_008,2026-08-18,,completed,100,,3,self
R002627,E0004,EV_025,2026-08-18,,in_progress,40,,,self
R002628,E0161,EV_040,2026-08-18,,no_show,0,,,manager
R002629,E0036,EV_008,2026-08-19,,no_show,0,,,self
R002630,E0050,EV_019,2026-08-19,,completed,100,,2,self
R002631,E0123,EV_016,2026-08-19,,declined,0,,,manager
R002632,E0055,EV_036,2026-08-20,,completed,100,,,hr
R002633,E0063,EV_038,2026-08-20,,in_progress,20,,,self
R002634,E0093,EV_036,2026-08-20,,completed,100,,,self
R002635,E0127,EV_036,2026-08-20,,completed,100,,4,self
R002636,E0178,EV_011,2026-08-20,,completed,100,,5,self
R002637,E0073,EV_037,2026-08-21,,completed,100,,5,self
R002638,E0084,EV_036,2026-08-21,,completed,100,,5,self
R002639,E0131,EV_029,2026-08-21,,completed,100,92,4,self
R002640,E0064,EV_009,2026-08-24,,dropped,70,,2,self
R002641,E0180,EV_034,2026-08-24,,completed,100,,3,manager
R002642,E0034,EV_022,2026-08-25,,completed,100,60,,self
R002643,E0184,EV_012,2026-08-25,,completed,100,82,2,self
R002644,E0191,EV_036,2026-08-25,,completed,100,,5,self
R002645,E0194,EV_016,2026-08-25,,completed,100,,,manager
R002646,E0060,EV_016,2026-08-26,,completed,100,,,hr
R002647,E0151,EV_039,2026-08-26,,completed,100,,5,self
R002648,E0173,EV_034,2026-08-26,,declined,0,,,hr
R002649,E0180,EV_036,2026-08-26,,completed,100,,,self
R002650,E0058,EV_008,2026-08-27,,dropped,45,,,self
R002651,E0076,EV_001,2026-08-27,2026-09-26,completed,100,70,,hr
R002652,E0076,EV_002,2026-08-27,2026-09-26,completed,100,88,,hr
R002653,E0076,EV_003,2026-08-27,2026-09-26,completed,100,92,,hr
R002654,E0148,EV_039,2026-08-27,,completed,100,,3,self
R002655,E0185,EV_036,2026-08-27,,completed,100,,,hr
R002656,E0009,EV_035,2026-08-28,,in_progress,90,,,manager
R002657,E0041,EV_027,2026-08-28,,completed,100,,,self
R002658,E0073,EV_022,2026-08-28,,completed,100,95,4,self
R002659,E0093,EV_036,2026-08-28,,completed,100,,5,self
R002660,E0123,EV_016,2026-08-28,,completed,100,,4,self
R002661,E0128,EV_039,2026-08-28,,completed,100,,,self
R002662,E0176,EV_036,2026-08-28,,completed,100,,5,manager
R002663,E0056,EV_040,2026-08-31,,dropped,60,,2,hr
R002664,E0076,EV_004,2026-08-31,2026-09-23,completed,100,,5,hr
R002665,E0096,EV_040,2026-08-31,,no_show,0,,,manager
R002666,E0101,EV_001,2026-08-31,2026-09-30,completed,100,96,,hr
R002667,E0101,EV_002,2026-08-31,2026-09-30,overdue,60,,,hr
R002668,E0101,EV_003,2026-08-31,2026-09-30,completed,100,89,,hr
R002669,E0115,EV_016,2026-08-31,,no_show,0,,,manager
R002670,E0162,EV_036,2026-08-31,,declined,0,,,manager
R002671,E0029,EV_036,2026-09-01,,completed,100,,4,self
R002672,E0185,EV_036,2026-09-01,,completed,100,,3,self
R002673,E0012,EV_037,2026-09-02,,no_show,0,,,manager
R002674,E0015,EV_037,2026-09-02,,completed,100,,3,manager
R002675,E0038,EV_037,2026-09-02,,completed,100,,,manager
R002676,E0044,EV_011,2026-09-02,,completed,100,,4,self
R002677,E0079,EV_036,2026-09-02,,completed,100,,5,manager
R002678,E0102,EV_005,2026-09-02,,in_progress,20,,,self
R002679,E0173,EV_036,2026-09-02,,declined,0,,,manager
R002680,E0043,EV_014,2026-09-03,,completed,100,,,self
R002681,E0046,EV_036,2026-09-03,,no_show,0,,,manager
R002682,E0050,EV_039,2026-09-03,,completed,100,,4,self
R002683,E0055,EV_036,2026-09-03,,completed,100,,4,manager
R002684,E0104,EV_039,2026-09-03,,completed,100,,4,self
R002685,E0111,EV_036,2026-09-03,,no_show,0,,,self
R002686,E0156,EV_018,2026-09-03,,completed,100,70,,self
R002687,E0114,EV_040,2026-09-04,,declined,0,,,manager
R002688,E0174,EV_036,2026-09-04,,completed,100,,5,manager
R002689,E0085,EV_036,2026-09-07,,no_show,0,,,manager
R002690,E0200,EV_005,2026-09-07,,completed,100,83,5,self
R002691,E0007,EV_008,2026-09-08,,completed,100,,5,self
R002692,E0028,EV_006,2026-09-08,,completed,100,,3,self
R002693,E0044,EV_015,2026-09-08,,in_progress,45,,,self
R002694,E0101,EV_004,2026-09-08,2026-09-26,completed,100,,5,hr
R002695,E0103,EV_036,2026-09-08,,no_show,0,,,manager
R002696,E0129,EV_039,2026-09-08,,completed,100,,5,self
R002697,E0046,EV_036,2026-09-09,,no_show,0,,,manager
R002698,E0002,EV_037,2026-09-11,,completed,100,,4,hr
R002699,E0085,EV_023,2026-09-11,,dropped,40,,2,self
R002700,E0050,EV_036,2026-09-14,,declined,0,,,manager
R002701,E0062,EV_036,2026-09-14,,no_show,0,,,manager
R002702,E0108,EV_026,2026-09-14,,completed,100,,,manager
R002703,E0124,EV_021,2026-09-14,,completed,100,,3,self
R002704,E0132,EV_040,2026-09-14,,completed,100,,5,hr
R002705,E0173,EV_008,2026-09-14,,completed,100,,5,self
R002706,E0015,EV_005,2026-09-15,,in_progress,20,,,manager
R002707,E0187,EV_036,2026-09-15,,completed,100,,4,manager
R002708,E0003,EV_008,2026-09-16,,completed,100,,4,hr
R002709,E0064,EV_040,2026-09-16,,completed,100,,4,self
R002710,E0078,EV_008,2026-09-16,,dropped,50,,,self
R002711,E0181,EV_022,2026-09-16,,in_progress,15,,,self
R002712,E0187,EV_036,2026-09-16,,completed,100,,5,hr
R002713,E0053,EV_011,2026-09-17,,no_show,0,,,manager
R002714,E0172,EV_039,2026-09-17,,completed,100,,3,self
R002715,E0009,EV_035,2026-09-18,,in_progress,80,,,hr
R002716,E0017,EV_036,2026-09-18,,completed,100,,4,self
R002717,E0118,EV_011,2026-09-18,,declined,0,,,hr
R002718,E0119,EV_040,2026-09-18,,dropped,90,,,manager
R002719,E0156,EV_035,2026-09-18,,in_progress,25,,,hr
R002720,E0162,EV_025,2026-09-21,,in_progress,45,,,manager
R002721,E0169,EV_036,2026-09-21,,completed,100,,4,self
R002722,E0170,EV_009,2026-09-21,,in_progress,40,,,manager
R002723,E0185,EV_036,2026-09-22,,no_show,0,,,manager
R002724,E0120,EV_036,2026-09-23,,completed,100,,5,self
R002725,E0119,EV_012,2026-09-24,,dropped,40,,2,manager
R002726,E0172,EV_040,2026-09-24,,completed,100,,5,self
R002727,E0001,EV_011,2026-09-25,,completed,100,,5,self
R002728,E0097,EV_040,2026-09-25,,completed,100,,5,self
R002729,E0115,EV_036,2026-09-25,,completed,100,,5,manager
R002730,E0127,EV_008,2026-09-25,,completed,100,,3,self
R002731,E0193,EV_008,2026-09-25,,dropped,10,,,self
R002732,E0022,EV_022,2026-09-28,,in_progress,75,,,self
R002733,E0035,EV_036,2026-09-28,,declined,0,,,hr
R002734,E0089,EV_033,2026-09-28,,completed,100,76,4,hr
R002735,E0096,EV_008,2026-09-28,,no_show,0,,,manager
R002736,E0143,EV_037,2026-09-28,,completed,100,,,self
R002737,E0170,EV_008,2026-09-28,,completed,100,,,self
R002738,E0117,EV_015,2026-09-29,,in_progress,55,,,self
R002739,E0133,EV_036,2026-09-29,,completed,100,,3,self
R002740,E0178,EV_009,2026-09-29,,in_progress,85,,,self
R002741,E0197,EV_035,2026-09-29,,in_progress,35,,,hr
R002742,E0096,EV_005,2026-09-30,,in_progress,25,,,self
R002743,E0132,EV_009,2026-09-30,,completed,100,95,,self
